phenomenon_time,label_no
2019-09-02 00:20:00,6.394589475744957
2019-09-02 00:30:00,4.266456429448539
2019-09-02 00:40:00,6.564581288105579
2019-09-02 00:50:00,8.022818888298092
2019-09-02 01:00:00,3.7181774646468253
2019-09-02 01:10:00,4.974838578393361
2019-09-02 01:20:00,2.319576962593233
2019-09-02 01:30:00,4.121097458114931
2019-09-02 01:40:00,8.356308606976764
2019-09-02 01:50:00,3.0959547212059295
2019-09-02 02:00:00,5.122247428394836
2019-09-02 02:10:00,4.592613651012921
2019-09-02 02:20:00,6.496488728808705
2019-09-02 02:30:00,4.027683383636776
2019-09-02 02:40:00,9.353102639647524
2019-09-02 02:50:00,20.781347209119755
2019-09-02 03:00:00,11.548378592218485
2019-09-02 03:10:00,5.0046752750097605
2019-09-02 03:20:00,6.353157616474501
2019-09-02 03:30:00,4.925489919300084
2019-09-02 03:40:00,4.427101380969695
2019-09-02 03:50:00,10.077033684996225
2019-09-02 04:00:00,12.825891641667479
2019-09-02 04:10:00,7.008690773600578
2019-09-02 04:20:00,8.445824327169374
2019-09-02 04:30:00,11.11012611653794
2019-09-02 04:40:00,4.927596069605826
2019-09-02 04:50:00,6.933775143365464
2019-09-02 05:00:00,3.9973515850208687
2019-09-02 05:10:00,8.203090049651312
2019-09-02 05:20:00,7.923209395045938
2019-09-02 05:30:00,6.984746931604297
2019-09-02 05:40:00,10.439482035159532
2019-09-02 05:50:00,26.51533212491549
2019-09-02 06:00:00,6.5570482160251276
2019-09-02 06:10:00,6.540973327059003
2019-09-02 06:20:00,20.471958566852752
2019-09-02 06:30:00,6.497777675282953
2019-09-02 06:40:00,23.14823081129216
2019-09-02 06:50:00,9.867876829180828
2019-09-02 07:00:00,3.332398458702488
2019-09-02 07:10:00,7.153078514991908
2019-09-02 07:20:00,6.1909779601771255
2019-09-02 07:30:00,4.671896764732621
2019-09-02 07:40:00,4.902650393157421
2019-09-02 07:50:00,4.451291876860488
2019-09-02 08:00:00,4.978004698074301
2019-09-02 08:10:00,6.6616953909617616
2019-09-02 08:20:00,6.62739405342208
2019-09-02 08:30:00,4.762703514486287
2019-09-02 08:40:00,5.3353003463147175
2019-09-02 08:50:00,4.78040109116
2019-09-02 09:00:00,6.350592270445826
2019-09-02 09:10:00,4.753852604110852
2019-09-02 09:20:00,4.687145528015971
2019-09-02 09:30:00,3.6578549533771296
2019-09-02 09:40:00,4.317545352786703
2019-09-02 09:50:00,3.953042582366357
2019-09-02 10:00:00,3.248335885532639
2019-09-02 10:10:00,3.677339621527917
2019-09-02 10:20:00,3.35595828040156
2019-09-02 10:30:00,3.2880597590217024
2019-09-02 10:40:00,3.089134735778514
2019-09-02 10:50:00,3.004562643624515
2019-09-02 11:00:00,2.4141986683955343
2019-09-02 11:10:00,2.044401884759019
2019-09-02 11:20:00,4.403614535662234
2019-09-02 11:30:00,4.258914204004252
2019-09-02 11:40:00,3.9043602093768923
2019-09-02 11:50:00,4.481937225707784
2019-09-02 12:00:00,3.5426644618532714
2019-09-02 12:10:00,3.2440277496951953
2019-09-02 12:20:00,3.7013015650952745
2019-09-02 12:30:00,2.7046265640868374
2019-09-02 12:40:00,3.7010244101851155
2019-09-02 12:50:00,3.015319899020827
2019-09-02 13:00:00,1.9696078571241484
2019-09-02 13:10:00,2.808246821170305
2019-09-02 13:20:00,3.032765090832694
2019-09-02 13:30:00,2.33719714114324
2019-09-02 13:40:00,2.5126686121274355
2019-09-02 13:50:00,1.8345256800518808
2019-09-02 14:00:00,2.269294665790866
2019-09-02 14:10:00,2.3050012324173097
2019-09-02 14:20:00,2.5928813462310147
2019-09-02 14:30:00,3.316435415128939
2019-09-02 14:40:00,2.136486478130322
2019-09-02 14:50:00,3.037803813209293
2019-09-02 15:00:00,3.7183081423988673
2019-09-02 15:10:00,1.8460873225602894
2019-09-02 15:20:00,2.764761323524075
2019-09-02 15:30:00,2.1919243089559015
2019-09-02 15:40:00,2.3585757493376676
2019-09-02 15:50:00,1.9673794559598354
2019-09-02 16:00:00,1.5163414879141799
2019-09-02 16:10:00,1.5470473126590312
2019-09-02 16:20:00,1.6283408576868208
2019-09-02 16:30:00,1.995550627263368
2019-09-02 16:40:00,2.173029834929736
2019-09-02 16:50:00,2.4755999998608527
2019-09-02 17:00:00,2.4580089926819197
2019-09-02 17:10:00,2.6552796094073248
2019-09-02 17:20:00,2.8265791621068166
2019-09-02 17:30:00,2.9712625715185723
2019-09-02 17:40:00,1.9649090498971242
2019-09-02 17:50:00,2.260605254294687
2019-09-02 18:00:00,2.3718135047387285
2019-09-02 18:10:00,2.6097551868859346
2019-09-02 18:20:00,3.007219103856288
2019-09-02 18:30:00,3.0301528588035174
2019-09-02 18:40:00,3.0162638988829107
2019-09-02 18:50:00,3.3201621027746286
2019-09-02 19:00:00,3.3345672330541363
2019-09-02 19:10:00,3.618819160667435
2019-09-02 19:20:00,3.671476409223525
2019-09-02 19:30:00,3.9206006094834036
2019-09-02 19:40:00,3.84117778980116
2019-09-02 19:50:00,3.94449045339136
2019-09-02 20:00:00,3.9205714269689187
2019-09-02 20:10:00,4.124786894157935
2019-09-02 20:20:00,4.708887111178958
2019-09-02 20:30:00,4.4251526622007304
2019-09-02 20:40:00,2.9255607863000277
2019-09-02 20:50:00,6.317474179200257
2019-09-02 21:00:00,11.221662599164574
2019-09-02 21:10:00,3.7833589755717494
2019-09-02 21:20:00,3.6214612038633445
2019-09-02 21:30:00,5.074413450987119
2019-09-02 21:40:00,7.942272854049577
2019-09-02 21:50:00,5.389680008283304
2019-09-02 22:00:00,5.437653627460851
2019-09-02 22:10:00,4.526427867384455
2019-09-02 22:20:00,3.22598561474474
2019-09-02 22:30:00,9.21705538762547
2019-09-02 22:40:00,4.7391334201124975
2019-09-02 22:50:00,4.5822933526989
2019-09-02 23:00:00,4.226935298743333
2019-09-02 23:10:00,6.118291931904679
2019-09-02 23:20:00,14.789427993745552
2019-09-02 23:30:00,6.112634374906981
2019-09-02 23:40:00,18.06758404443636
2019-09-02 23:50:00,6.715329258485542
2019-09-03 00:00:00,8.393796068090765
2019-09-03 00:10:00,4.79310213690609
2019-09-03 00:20:00,10.099267647500039
2019-09-03 00:30:00,4.315275878682729
2019-09-03 00:40:00,7.8110091211585475
2019-09-03 00:50:00,6.615825947780883
2019-09-03 01:00:00,6.6812879589596985
2019-09-03 01:10:00,9.207681268154648
2019-09-03 01:20:00,7.870512627260173
2019-09-03 01:30:00,7.8704236104098175
2019-09-03 01:40:00,7.102695994403636
2019-09-03 01:50:00,7.121856924578961
2019-09-03 02:00:00,6.768636955199935
2019-09-03 02:10:00,2.731224292729377
2019-09-03 02:20:00,4.954979151266643
2019-09-03 02:30:00,5.52396581974112
2019-09-03 02:40:00,4.743430635333926
2019-09-03 02:50:00,8.184071561202021
2019-09-03 03:00:00,7.775614711871817
2019-09-03 03:10:00,4.741474113839733
2019-09-03 03:20:00,7.93744348994411
2019-09-03 03:30:00,5.37888191043916
2019-09-03 03:40:00,7.82148358897075
2019-09-03 03:50:00,10.160671659766269
2019-09-03 04:00:00,6.445933346929521
2019-09-03 04:10:00,7.764301142292364
2019-09-03 04:20:00,9.545739198195527
2019-09-03 04:30:00,4.711290160239747
2019-09-03 04:40:00,3.01217446045993
2019-09-03 04:50:00,8.267969831865466
2019-09-03 05:00:00,10.151909846504495
2019-09-03 05:10:00,5.313619858078118
2019-09-03 05:20:00,9.88504433876119
2019-09-03 05:30:00,9.106336641395739
2019-09-03 05:40:00,4.639333019558295
2019-09-03 05:50:00,7.636600177947091
2019-09-03 06:00:00,4.404578642390829
2019-09-03 06:10:00,7.837915945401278
2019-09-03 06:20:00,7.046263182144622
2019-09-03 06:30:00,4.042264839874002
2019-09-03 06:40:00,4.1265975369961945
2019-09-03 06:50:00,15.227751628899663
2019-09-03 07:00:00,7.721917283172809
2019-09-03 07:10:00,14.371898424665758
2019-09-03 07:20:00,6.452744495315072
2019-09-03 07:30:00,7.891807674608211
2019-09-03 07:40:00,5.157372443624814
2019-09-03 07:50:00,7.1952188792317235
2019-09-03 08:00:00,11.413453699487576
2019-09-03 08:10:00,8.428961048249876
2019-09-03 08:20:00,6.744393992769274
2019-09-03 08:30:00,5.3468730764617405
2019-09-03 08:40:00,5.862395535752785
2019-09-03 08:50:00,6.46456900277077
2019-09-03 09:00:00,4.631763809473808
2019-09-03 09:10:00,5.357190255507879
2019-09-03 09:20:00,5.40042927181071
2019-09-03 09:30:00,5.398214851927337
2019-09-03 09:40:00,5.102737362553297
2019-09-03 09:50:00,3.4910656289900293
2019-09-03 10:00:00,5.071943214636199
2019-09-03 10:10:00,4.733250453376703
2019-09-03 10:20:00,4.720157538846723
2019-09-03 10:30:00,3.750322487675605
2019-09-03 10:40:00,4.720000141481805
2019-09-03 10:50:00,3.3514360314934835
2019-09-03 11:00:00,3.1031727189882585
2019-09-03 11:10:00,3.2106169439882493
2019-09-03 11:20:00,2.9405362295211916
2019-09-03 11:30:00,2.5883087726561946
2019-09-03 11:40:00,4.746031166291107
2019-09-03 11:50:00,4.68662516419258
2019-09-03 12:00:00,4.074719329271401
2019-09-03 12:10:00,3.744678576403733
2019-09-03 12:20:00,3.570828325720232
2019-09-03 12:30:00,3.4101347316483746
2019-09-03 12:40:00,3.13654479447135
2019-09-03 12:50:00,2.851160762630535
2019-09-03 13:00:00,2.857566816907008
2019-09-03 13:10:00,3.857411971746455
2019-09-03 13:20:00,3.728056485951203
2019-09-03 13:30:00,4.1036437010845965
2019-09-03 13:40:00,2.749393645969427
2019-09-03 13:50:00,2.7449321965890285
2019-09-03 14:00:00,3.0403771098356915
2019-09-03 14:10:00,3.5958037395015303
2019-09-03 14:20:00,4.508576471075551
2019-09-03 14:30:00,3.2095876938456924
2019-09-03 14:40:00,2.228475629698868
2019-09-03 14:50:00,1.9105997339170306
2019-09-03 15:00:00,1.6152507653532293
2019-09-03 15:10:00,4.562175216475261
2019-09-03 15:20:00,4.309962229957966
2019-09-03 15:30:00,3.0268499687093025
2019-09-03 15:40:00,1.9116948042178379
2019-09-03 15:50:00,4.083104217571627
2019-09-03 16:00:00,2.5961071410517524
2019-09-03 16:10:00,2.2497197286177846
2019-09-03 16:20:00,4.085078364950776
2019-09-03 16:30:00,1.8764592227764787
2019-09-03 16:40:00,2.975171123256371
2019-09-03 16:50:00,2.8347172176241915
2019-09-03 17:00:00,3.2887958147446805
2019-09-03 17:10:00,2.9564729914405414
2019-09-03 17:20:00,4.11676953985066
2019-09-03 17:30:00,1.9655575872326532
2019-09-03 17:40:00,3.0396138202764544
2019-09-03 17:50:00,2.942059157161123
2019-09-03 18:00:00,3.3139004588190883
2019-09-03 18:10:00,3.2071239236785103
2019-09-03 18:20:00,3.277128511233951
2019-09-03 18:30:00,3.3427378190546557
2019-09-03 18:40:00,3.271489212173911
2019-09-03 18:50:00,3.5081175144353423
2019-09-03 19:00:00,3.3381540432345886
2019-09-03 19:10:00,3.47679149531035
2019-09-03 19:20:00,3.45771976116721
2019-09-03 19:30:00,3.601180639576897
2019-09-03 19:40:00,3.622965115958172
2019-09-03 19:50:00,3.3981001962861352
2019-09-03 20:00:00,3.231731771654289
2019-09-03 20:10:00,3.459462092144177
2019-09-03 20:20:00,3.4918885648427658
2019-09-03 20:30:00,3.322669641188154
2019-09-03 20:40:00,5.406864064373445
2019-09-03 20:50:00,4.69728546120201
2019-09-03 21:00:00,4.506843259201318
2019-09-03 21:10:00,4.925514764405913
2019-09-03 21:20:00,4.925298479488111
2019-09-03 21:30:00,3.3522318874580463
2019-09-03 21:40:00,3.1811876957592604
2019-09-03 21:50:00,3.3442255933308314
2019-09-03 22:00:00,3.1017700763644043
2019-09-03 22:10:00,2.8797694441138293
2019-09-03 22:20:00,2.8165247861121783
2019-09-03 22:30:00,2.788554012890385
2019-09-03 22:40:00,2.7979208898747774
2019-09-03 22:50:00,3.0552414194517885
2019-09-03 23:00:00,3.126497982906286
2019-09-03 23:10:00,3.483197577189971
2019-09-03 23:20:00,2.911278277840231
2019-09-03 23:30:00,3.0263486731750695
2019-09-03 23:40:00,3.082032252475808
2019-09-03 23:50:00,2.99083364954975
2019-09-04 00:00:00,
2019-09-04 00:10:00,
2019-09-04 00:20:00,
2019-09-04 00:30:00,
2019-09-04 00:40:00,
2019-09-04 00:50:00,
2019-09-04 01:00:00,
2019-09-04 01:10:00,
2019-09-04 01:20:00,
2019-09-04 01:30:00,
2019-09-04 01:40:00,
2019-09-04 01:50:00,
2019-09-04 02:00:00,
2019-09-04 02:10:00,
2019-09-04 02:20:00,
2019-09-04 02:30:00,
2019-09-04 02:40:00,
2019-09-04 02:50:00,
2019-09-04 03:00:00,
2019-09-04 03:10:00,
2019-09-04 03:20:00,
2019-09-04 03:30:00,
2019-09-04 03:40:00,
2019-09-04 03:50:00,
2019-09-04 04:00:00,
2019-09-04 04:10:00,
2019-09-04 04:20:00,
2019-09-04 04:30:00,
2019-09-04 04:40:00,
2019-09-04 04:50:00,
2019-09-04 05:00:00,
2019-09-04 05:10:00,
2019-09-04 05:20:00,
2019-09-04 05:30:00,
2019-09-04 05:40:00,
2019-09-04 05:50:00,
2019-09-04 06:00:00,
2019-09-04 06:10:00,
2019-09-04 06:20:00,
2019-09-04 06:30:00,
2019-09-04 06:40:00,
2019-09-04 06:50:00,
2019-09-04 07:00:00,
2019-09-04 07:10:00,
2019-09-04 07:20:00,
2019-09-04 07:30:00,
2019-09-04 07:40:00,
2019-09-04 07:50:00,
2019-09-04 08:00:00,
2019-09-04 08:10:00,
2019-09-04 08:20:00,
2019-09-04 08:30:00,
2019-09-04 08:40:00,
2019-09-04 08:50:00,
2019-09-04 09:00:00,
2019-09-04 09:10:00,
2019-09-04 09:20:00,
2019-09-04 09:30:00,
2019-09-04 09:40:00,
2019-09-04 09:50:00,
2019-09-04 10:00:00,
2019-09-04 10:10:00,
2019-09-04 10:20:00,
2019-09-04 10:30:00,
2019-09-04 10:40:00,
2019-09-04 10:50:00,
2019-09-04 11:00:00,
2019-09-04 11:10:00,
2019-09-04 11:20:00,
2019-09-04 11:30:00,
2019-09-04 11:40:00,
2019-09-04 11:50:00,
2019-09-04 12:00:00,
2019-09-04 12:10:00,
2019-09-04 12:20:00,
2019-09-04 12:30:00,
2019-09-04 12:40:00,
2019-09-04 12:50:00,
2019-09-04 13:00:00,
2019-09-04 13:10:00,
2019-09-04 13:20:00,
2019-09-04 13:30:00,
2019-09-04 13:40:00,
2019-09-04 13:50:00,
2019-09-04 14:00:00,
2019-09-04 14:10:00,
2019-09-04 14:20:00,
2019-09-04 14:30:00,
2019-09-04 14:40:00,
2019-09-04 14:50:00,
2019-09-04 15:00:00,
2019-09-04 15:10:00,
2019-09-04 15:20:00,
2019-09-04 15:30:00,
2019-09-04 15:40:00,
2019-09-04 15:50:00,
2019-09-04 16:00:00,
2019-09-04 16:10:00,
2019-09-04 16:20:00,
2019-09-04 16:30:00,
2019-09-04 16:40:00,
2019-09-04 16:50:00,
2019-09-04 17:00:00,
2019-09-04 17:10:00,
2019-09-04 17:20:00,
2019-09-04 17:30:00,
2019-09-04 17:40:00,
2019-09-04 17:50:00,
2019-09-04 18:00:00,
2019-09-04 18:10:00,
2019-09-04 18:20:00,
2019-09-04 18:30:00,
2019-09-04 18:40:00,
2019-09-04 18:50:00,
2019-09-04 19:00:00,
2019-09-04 19:10:00,
2019-09-04 19:20:00,
2019-09-04 19:30:00,
2019-09-04 19:40:00,
2019-09-04 19:50:00,
2019-09-04 20:00:00,
2019-09-04 20:10:00,
2019-09-04 20:20:00,
2019-09-04 20:30:00,
2019-09-04 20:40:00,
2019-09-04 20:50:00,
2019-09-04 21:00:00,
2019-09-04 21:10:00,
2019-09-04 21:20:00,
2019-09-04 21:30:00,
2019-09-04 21:40:00,
2019-09-04 21:50:00,
2019-09-04 22:00:00,
2019-09-04 22:10:00,
2019-09-04 22:20:00,
2019-09-04 22:30:00,
2019-09-04 22:40:00,
2019-09-04 22:50:00,
2019-09-04 23:00:00,
2019-09-04 23:10:00,
2019-09-04 23:20:00,
2019-09-04 23:30:00,
2019-09-04 23:40:00,
2019-09-04 23:50:00,
2019-09-05 00:00:00,4.909719180297025
2019-09-05 00:10:00,2.9363268455093965
2019-09-05 00:20:00,3.04314059812767
2019-09-05 00:30:00,3.0210910639486306
2019-09-05 00:40:00,4.566324260947644
2019-09-05 00:50:00,4.499015910154674
2019-09-05 01:00:00,4.614670975148419
2019-09-05 01:10:00,4.695935001710843
2019-09-05 01:20:00,4.751257210966212
2019-09-05 01:30:00,4.640531033206002
2019-09-05 01:40:00,4.476916787013685
2019-09-05 01:50:00,4.562131752057304
2019-09-05 02:00:00,4.213947747760461
2019-09-05 02:10:00,3.0114513852140377
2019-09-05 02:20:00,4.375429337296716
2019-09-05 02:30:00,4.484267798061173
2019-09-05 02:40:00,4.535877652697272
2019-09-05 02:50:00,4.433900331378555
2019-09-05 03:00:00,2.939578674768239
2019-09-05 03:10:00,4.724424956658716
2019-09-05 03:20:00,2.938671187533213
2019-09-05 03:30:00,2.887592126532981
2019-09-05 03:40:00,4.84682326165132
2019-09-05 03:50:00,4.816471499789484
2019-09-05 04:00:00,4.736796777879129
2019-09-05 04:10:00,4.751240986404726
2019-09-05 04:20:00,4.719966912889222
2019-09-05 04:30:00,4.738828911447906
2019-09-05 04:40:00,4.738997069148977
2019-09-05 04:50:00,4.76256471296712
2019-09-05 05:00:00,4.9689484166671924
2019-09-05 05:10:00,5.061174992788153
2019-09-05 05:20:00,2.9916367625957463
2019-09-05 05:30:00,2.916003867630719
2019-09-05 05:40:00,3.15632926086835
2019-09-05 05:50:00,3.6773006156637935
2019-09-05 06:00:00,5.062491939804176
2019-09-05 06:10:00,4.598521915787455
2019-09-05 06:20:00,5.392019199844268
2019-09-05 06:30:00,6.624515735500818
2019-09-05 06:40:00,6.5090128403351395
2019-09-05 06:50:00,6.660342849041934
2019-09-05 07:00:00,6.559609381992855
2019-09-05 07:10:00,6.552241549415015
2019-09-05 07:20:00,19.48147527825762
2019-09-05 07:30:00,11.984896885085385
2019-09-05 07:40:00,11.96221680634749
2019-09-05 07:50:00,24.36471162681327
2019-09-05 08:00:00,9.758580825372787
2019-09-05 08:10:00,3.521489114616008
2019-09-05 08:20:00,10.783471921757133
2019-09-05 08:30:00,7.807583892367836
2019-09-05 08:40:00,5.837683571426523
2019-09-05 08:50:00,6.759843266950151
2019-09-05 09:00:00,3.2956413820837622
2019-09-05 09:10:00,3.7493552058440196
2019-09-05 09:20:00,3.3902051331651095
2019-09-05 09:30:00,3.060967374955685
2019-09-05 09:40:00,2.911308869516457
2019-09-05 09:50:00,4.584568911201933
2019-09-05 10:00:00,4.518775256010067
2019-09-05 10:10:00,3.6140408198469998
2019-09-05 10:20:00,2.261071746396348
2019-09-05 10:30:00,2.7259947122821706
2019-09-05 10:40:00,3.4873165907552806
2019-09-05 10:50:00,3.236346632759748
2019-09-05 11:00:00,4.080657431236482
2019-09-05 11:10:00,3.249027863771786
2019-09-05 11:20:00,3.09673964355776
2019-09-05 11:30:00,3.0178179948727255
2019-09-05 11:40:00,3.072232767598529
2019-09-05 11:50:00,2.543343807463029
2019-09-05 12:00:00,3.4394340102984313
2019-09-05 12:10:00,5.135735726123977
2019-09-05 12:20:00,3.546396733917314
2019-09-05 12:30:00,2.820036853041023
2019-09-05 12:40:00,1.934931346131875
2019-09-05 12:50:00,1.5300516722724131
2019-09-05 13:00:00,2.616239705017191
2019-09-05 13:10:00,2.8197814257917444
2019-09-05 13:20:00,2.5487011067758965
2019-09-05 13:30:00,2.7852496594649567
2019-09-05 13:40:00,1.4291074100143994
2019-09-05 13:50:00,4.065016863727743
2019-09-05 14:00:00,1.4840433551135943
2019-09-05 14:10:00,2.5772231814787467
2019-09-05 14:20:00,2.834532755620787
2019-09-05 14:30:00,1.610763231277967
2019-09-05 14:40:00,1.9617257485443798
2019-09-05 14:50:00,1.4216418161997906
2019-09-05 15:00:00,2.245442620380079
2019-09-05 15:10:00,1.4572016444039129
2019-09-05 15:20:00,1.4360159033178919
2019-09-05 15:30:00,2.1969391440118122
2019-09-05 15:40:00,2.595755462304418
2019-09-05 15:50:00,1.4621671348172125
2019-09-05 16:00:00,1.5360456740177648
2019-09-05 16:10:00,2.271017008823509
2019-09-05 16:20:00,1.7546787745277355
2019-09-05 16:30:00,1.7655501115299463
2019-09-05 16:40:00,2.3934941710814854
2019-09-05 16:50:00,2.700531138090331
2019-09-05 17:00:00,1.8016735918912863
2019-09-05 17:10:00,1.883925973306333
2019-09-05 17:20:00,2.124157464661622
2019-09-05 17:30:00,2.3990353001355254
2019-09-05 17:40:00,2.474070517415486
2019-09-05 17:50:00,2.2573695087129844
2019-09-05 18:00:00,2.1228553633526652
2019-09-05 18:10:00,2.9963427780706664
2019-09-05 18:20:00,2.7218885053284625
2019-09-05 18:30:00,2.78938430722495
2019-09-05 18:40:00,2.716926526303834
2019-09-05 18:50:00,3.0763763871260723
2019-09-05 19:00:00,3.112153505255655
2019-09-05 19:10:00,3.11005579084062
2019-09-05 19:20:00,3.30403670501278
2019-09-05 19:30:00,3.5031671088323475
2019-09-05 19:40:00,2.5508215493597186
2019-09-05 19:50:00,2.9229515934425647
2019-09-05 20:00:00,3.5161525766231585
2019-09-05 20:10:00,2.7642165536095837
2019-09-05 20:20:00,2.8121519217138897
2019-09-05 20:30:00,2.9455846146911506
2019-09-05 20:40:00,3.2814558902582016
2019-09-05 20:50:00,2.9710203427445103
2019-09-05 21:00:00,2.8709849998701733
2019-09-05 21:10:00,3.2706747063490784
2019-09-05 21:20:00,2.297702829883955
2019-09-05 21:30:00,2.9709252271127795
2019-09-05 21:40:00,2.435087033980243
2019-09-05 21:50:00,2.569207752078051
2019-09-05 22:00:00,2.717502279778981
2019-09-05 22:10:00,6.912122669565804
2019-09-05 22:20:00,4.00541926161888
2019-09-05 22:30:00,7.871328330542866
2019-09-05 22:40:00,2.896806218464865
2019-09-05 22:50:00,8.203051634216289
2019-09-05 23:00:00,4.743430635333926
2019-09-05 23:10:00,6.691374458844649
2019-09-05 23:20:00,8.119224698915335
2019-09-05 23:30:00,5.578917160438177
2019-09-05 23:40:00,3.4347303992523717
2019-09-05 23:50:00,6.4794357951542025
2019-09-06 00:00:00,3.153783009528155
2019-09-06 00:10:00,2.87870718319484
2019-09-06 00:20:00,3.26224996176642
2019-09-06 00:30:00,8.285790844030922
2019-09-06 00:40:00,2.758675952193488
2019-09-06 00:50:00,4.279574911660057
2019-09-06 01:00:00,2.7541620467580796
2019-09-06 01:10:00,2.894185058883105
2019-09-06 01:20:00,4.099795195042391
2019-09-06 01:30:00,2.7553528864754715
2019-09-06 01:40:00,2.9281633481327907
2019-09-06 01:50:00,2.772318646604952
2019-09-06 02:00:00,3.1343670753207933
2019-09-06 02:10:00,2.9134210019314084
2019-09-06 02:20:00,4.614284577139033
2019-09-06 02:30:00,4.308751929569331
2019-09-06 02:40:00,3.078844165144492
2019-09-06 02:50:00,2.9474773630057745
2019-09-06 03:00:00,3.030245881602926
2019-09-06 03:10:00,4.743045961020961
2019-09-06 03:20:00,4.461076299404925
2019-09-06 03:30:00,4.849056497571408
2019-09-06 03:40:00,2.941833909892016
2019-09-06 03:50:00,3.101412114348046
2019-09-06 04:00:00,4.494217997467822
2019-09-06 04:10:00,4.42965218638801
2019-09-06 04:20:00,4.532228398823474
2019-09-06 04:30:00,4.8033472680075855
2019-09-06 04:40:00,3.702770316618314
2019-09-06 04:50:00,3.8269586619188187
2019-09-06 05:00:00,3.851226071783563
2019-09-06 05:10:00,4.320594513296369
2019-09-06 05:20:00,4.195573953103172
2019-09-06 05:30:00,4.237438829619913
2019-09-06 05:40:00,3.5523850088653166
2019-09-06 05:50:00,4.245940439727651
2019-09-06 06:00:00,4.13379767928064
2019-09-06 06:10:00,4.729340001258155
2019-09-06 06:20:00,4.454282108497272
2019-09-06 06:30:00,3.0647578107577536
2019-09-06 06:40:00,4.107167039964102
2019-09-06 06:50:00,4.183797926488798
2019-09-06 07:00:00,4.005319994368248
2019-09-06 07:10:00,3.954760760250009
2019-09-06 07:20:00,4.375290709079066
2019-09-06 07:30:00,3.8825898092306366
2019-09-06 07:40:00,4.000074900509777
2019-09-06 07:50:00,2.9879903731321167
2019-09-06 08:00:00,2.8147965010946034
2019-09-06 08:10:00,4.093189444535099
2019-09-06 08:20:00,2.9311299254671566
2019-09-06 08:30:00,4.094644164259304
2019-09-06 08:40:00,4.378418478240982
2019-09-06 08:50:00,4.287898273438015
2019-09-06 09:00:00,3.066703991474662
2019-09-06 09:10:00,2.9444008450923773
2019-09-06 09:20:00,2.692801036155796
2019-09-06 09:30:00,3.7837668441081176
2019-09-06 09:40:00,4.025280499443558
2019-09-06 09:50:00,3.0510989713604824
2019-09-06 10:00:00,2.8213909083357906
2019-09-06 10:10:00,2.758878863467885
2019-09-06 10:20:00,7.135403751048905
2019-09-06 10:30:00,2.8720408090055116
2019-09-06 10:40:00,2.8486966003207357
2019-09-06 10:50:00,2.715402291682651
2019-09-06 11:00:00,3.136645620392819
2019-09-06 11:10:00,8.154193386177688
2019-09-06 11:20:00,4.2667590994029965
2019-09-06 11:30:00,3.398642033776277
2019-09-06 11:40:00,3.323313783391101
2019-09-06 11:50:00,3.0989161228119833
2019-09-06 12:00:00,6.640268171445771
2019-09-06 12:10:00,2.738696836138252
2019-09-06 12:20:00,7.900708610287241
2019-09-06 12:30:00,7.749309005907667
2019-09-06 12:40:00,7.2195397956344305
2019-09-06 12:50:00,3.0517586594083914
2019-09-06 13:00:00,5.793374152313362
2019-09-06 13:10:00,2.8916771825968723
2019-09-06 13:20:00,2.8021528353124556
2019-09-06 13:30:00,2.8483896964882534
2019-09-06 13:40:00,2.658377240543892
2019-09-06 13:50:00,3.6932963468366165
2019-09-06 14:00:00,2.9603850546732255
2019-09-06 14:10:00,2.6610105467662595
2019-09-06 14:20:00,2.9516354439797348
2019-09-06 14:30:00,2.6915177938473906
2019-09-06 14:40:00,6.374518225670256
2019-09-06 14:50:00,3.615223929528275
2019-09-06 15:00:00,4.22088299523217
2019-09-06 15:10:00,4.527280252326783
2019-09-06 15:20:00,2.8886198651897663
2019-09-06 15:30:00,4.729967627918561
2019-09-06 15:40:00,3.7847273874049647
2019-09-06 15:50:00,2.8211554567598065
2019-09-06 16:00:00,3.5495918147422003
2019-09-06 16:10:00,3.0240137707281742
2019-09-06 16:20:00,3.081730851161293
2019-09-06 16:30:00,2.887404213919005
2019-09-06 16:40:00,2.860225317918638
2019-09-06 16:50:00,2.845875650700707
2019-09-06 17:00:00,2.754370051105874
2019-09-06 17:10:00,2.941416751570193
2019-09-06 17:20:00,2.891230064865399
2019-09-06 17:30:00,2.889886405132037
2019-09-06 17:40:00,3.004399624306306
2019-09-06 17:50:00,4.476323202704065
2019-09-06 18:00:00,2.8221258922183106
2019-09-06 18:10:00,2.8146791039364216
2019-09-06 18:20:00,2.676890132923281
2019-09-06 18:30:00,2.8841314496563597
2019-09-06 18:40:00,2.767983469607945
2019-09-06 18:50:00,2.808513232333997
2019-09-06 19:00:00,2.90038193445067
2019-09-06 19:10:00,2.7917247653652684
2019-09-06 19:20:00,2.914419671519097
2019-09-06 19:30:00,4.372857788005465
2019-09-06 19:40:00,2.667728112989343
2019-09-06 19:50:00,2.920880361307116
2019-09-06 20:00:00,4.530861191877596
2019-09-06 20:10:00,4.656081750953205
2019-09-06 20:20:00,4.248017063891521
2019-09-06 20:30:00,4.402388266645245
2019-09-06 20:40:00,4.539519385673358
2019-09-06 20:50:00,4.436618818475038
2019-09-06 21:00:00,4.586776289804434
2019-09-06 21:10:00,4.545288481050392
2019-09-06 21:20:00,4.68330707283529
2019-09-06 21:30:00,4.546565427923775
2019-09-06 21:40:00,2.932410966067464
2019-09-06 21:50:00,2.9084052927373696
2019-09-06 22:00:00,3.015821008273483
2019-09-06 22:10:00,2.9956056497713384
2019-09-06 22:20:00,4.615694754018188
2019-09-06 22:30:00,2.9110708564332666
2019-09-06 22:40:00,4.242478864459418
2019-09-06 22:50:00,4.40359419462901
2019-09-06 23:00:00,4.56353228033227
2019-09-06 23:10:00,4.641862440576756
2019-09-06 23:20:00,4.440995324058166
2019-09-06 23:30:00,4.178588680406613
2019-09-06 23:40:00,4.466819578683493
2019-09-06 23:50:00,4.463752366259499
2019-09-07 00:00:00,4.717201127214981
2019-09-07 00:10:00,4.645938368072261
2019-09-07 00:20:00,4.217261261218855
2019-09-07 00:30:00,4.377280798256141
2019-09-07 00:40:00,4.211218558642681
2019-09-07 00:50:00,4.1430511365453855
2019-09-07 01:00:00,4.130187934995755
2019-09-07 01:10:00,4.278450339297544
2019-09-07 01:20:00,4.458440798821178
2019-09-07 01:30:00,4.450440941290963
2019-09-07 01:40:00,4.285363167367083
2019-09-07 01:50:00,4.269160831623004
2019-09-07 02:00:00,4.330815447910062
2019-09-07 02:10:00,4.60688617839396
2019-09-07 02:20:00,4.513587122169742
2019-09-07 02:30:00,4.135402747317138
2019-09-07 02:40:00,4.364627478534168
2019-09-07 02:50:00,4.340275644285889
2019-09-07 03:00:00,4.228162100947184
2019-09-07 03:10:00,4.0365195469843
2019-09-07 03:20:00,4.210013214437836
2019-09-07 03:30:00,4.391368528088357
2019-09-07 03:40:00,4.335083857158901
2019-09-07 03:50:00,4.492921297373925
2019-09-07 04:00:00,4.2507509937834325
2019-09-07 04:10:00,4.156500229585851
2019-09-07 04:20:00,4.4652666555209555
2019-09-07 04:30:00,3.9998596964173707
2019-09-07 04:40:00,3.9904414543288365
2019-09-07 04:50:00,4.19820990682846
2019-09-07 05:00:00,
2019-09-07 05:10:00,4.3345331167959
2019-09-07 05:20:00,4.249966304620104
2019-09-07 05:30:00,4.587033057140438
2019-09-07 05:40:00,4.620489891919892
2019-09-07 05:50:00,4.7226314108004495
2019-09-07 06:00:00,4.80843638454168
2019-09-07 06:10:00,4.541311741444979
2019-09-07 06:20:00,4.552995571596348
2019-09-07 06:30:00,4.219999173506714
2019-09-07 06:40:00,4.405826380488989
2019-09-07 06:50:00,4.595615817114071
2019-09-07 07:00:00,3.1706378931210946
2019-09-07 07:10:00,4.206684771007813
2019-09-07 07:20:00,2.77154859803126
2019-09-07 07:30:00,2.6582672826014306
2019-09-07 07:40:00,2.680189497424905
2019-09-07 07:50:00,2.7987586790522285
2019-09-07 08:00:00,2.837378456192954
2019-09-07 08:10:00,2.753899477937699
2019-09-07 08:20:00,2.7336007890749876
2019-09-07 08:30:00,2.9449056542313823
2019-09-07 08:40:00,2.799525655783526
2019-09-07 08:50:00,3.3905281231997497
2019-09-07 09:00:00,3.4000064708703377
2019-09-07 09:10:00,5.822299891932446
2019-09-07 09:20:00,4.884229321482152
2019-09-07 09:30:00,2.773015814047046
2019-09-07 09:40:00,4.823570281872361
2019-09-07 09:50:00,3.153220104820451
2019-09-07 10:00:00,5.150731107586715
2019-09-07 10:10:00,4.630583757240384
2019-09-07 10:20:00,3.672616011996885
2019-09-07 10:30:00,3.2834854777209674
2019-09-07 10:40:00,4.486705553981494
2019-09-07 10:50:00,3.2290296299674734
2019-09-07 11:00:00,3.108168481105457
2019-09-07 11:10:00,3.0019470757023012
2019-09-07 11:20:00,6.366775211150576
2019-09-07 11:30:00,2.338825454913964
2019-09-07 11:40:00,2.275577944070352
2019-09-07 11:50:00,3.6343807636111616
2019-09-07 12:00:00,3.5793733494024194
2019-09-07 12:10:00,3.2291944706703366
2019-09-07 12:20:00,3.2135624731517756
2019-09-07 12:30:00,3.062212677532297
2019-09-07 12:40:00,1.7245423649057137
2019-09-07 12:50:00,3.90816589612301
2019-09-07 13:00:00,2.8965222404446664
2019-09-07 13:10:00,2.4794546294139472
2019-09-07 13:20:00,2.333960432012925
2019-09-07 13:30:00,2.251125319642109
2019-09-07 13:40:00,2.347815763835105
2019-09-07 13:50:00,2.655681040309667
2019-09-07 14:00:00,2.6762617574732346
2019-09-07 14:10:00,3.50751236128412
2019-09-07 14:20:00,3.834936056627073
2019-09-07 14:30:00,2.6457702925251496
2019-09-07 14:40:00,2.379174666454366
2019-09-07 14:50:00,1.9024830312479653
2019-09-07 15:00:00,1.6192211981144373
2019-09-07 15:10:00,1.6527987072337282
2019-09-07 15:20:00,1.6271479428111961
2019-09-07 15:30:00,1.5507986978556838
2019-09-07 15:40:00,1.7223263306401888
2019-09-07 15:50:00,1.826710906988441
2019-09-07 16:00:00,2.0239988838092895
2019-09-07 16:10:00,2.335419811699658
2019-09-07 16:20:00,2.2499138023322156
2019-09-07 16:30:00,3.097240880539899
2019-09-07 16:40:00,3.1036503640558357
2019-09-07 16:50:00,3.0218669823602924
2019-09-07 17:00:00,3.432477639046702
2019-09-07 17:10:00,2.547682425077959
2019-09-07 17:20:00,3.0527371388707096
2019-09-07 17:30:00,3.5230598009148504
2019-09-07 17:40:00,3.0084251172178167
2019-09-07 17:50:00,4.487890721341326
2019-09-07 18:00:00,4.323739651018116
2019-09-07 18:10:00,2.6874613896269572
2019-09-07 18:20:00,5.682668336188462
2019-09-07 18:30:00,4.570591599316628
2019-09-07 18:40:00,4.944106499275969
2019-09-07 18:50:00,3.1732175763633332
2019-09-07 19:00:00,2.8972143257132768
2019-09-07 19:10:00,3.229448833229421
2019-09-07 19:20:00,2.816547833407036
2019-09-07 19:30:00,2.8797694441138293
2019-09-07 19:40:00,2.8543101058035716
2019-09-07 19:50:00,2.78264238175936
2019-09-07 20:00:00,2.7865200891191844
2019-09-07 20:10:00,2.7518196371645773
2019-09-07 20:20:00,2.777665059145055
2019-09-07 20:30:00,2.795709069796393
2019-09-07 20:40:00,2.8433390628255513
2019-09-07 20:50:00,2.7573529710265468
2019-09-07 21:00:00,2.750787290825981
2019-09-07 21:10:00,2.79863956330257
2019-09-07 21:20:00,2.809305834453661
2019-09-07 21:30:00,2.8231550979793036
2019-09-07 21:40:00,2.6471591225567237
2019-09-07 21:50:00,2.6867845781414887
2019-09-07 22:00:00,2.6970873166953697
2019-09-07 22:10:00,2.718549103898937
2019-09-07 22:20:00,2.8138547942762187
2019-09-07 22:30:00,2.6504138327274234
2019-09-07 22:40:00,2.878532412747707
2019-09-07 22:50:00,2.7283989415387877
2019-09-07 23:00:00,
2019-09-07 23:10:00,
2019-09-07 23:20:00,
2019-09-07 23:30:00,
2019-09-07 23:40:00,
2019-09-07 23:50:00,
2019-09-08 00:00:00,
2019-09-08 00:10:00,
2019-09-08 00:20:00,
2019-09-08 00:30:00,
2019-09-08 00:40:00,
2019-09-08 00:50:00,
2019-09-08 01:00:00,
2019-09-08 01:10:00,
2019-09-08 01:20:00,
2019-09-08 01:30:00,
2019-09-08 01:40:00,
2019-09-08 01:50:00,
2019-09-08 02:00:00,
2019-09-08 02:10:00,
2019-09-08 02:20:00,
2019-09-08 02:30:00,
2019-09-08 02:40:00,
2019-09-08 02:50:00,
2019-09-08 03:00:00,
2019-09-08 03:10:00,
2019-09-08 03:20:00,
2019-09-08 03:30:00,
2019-09-08 03:40:00,
2019-09-08 03:50:00,
2019-09-08 04:00:00,
2019-09-08 04:10:00,
2019-09-08 04:20:00,
2019-09-08 04:30:00,
2019-09-08 04:40:00,
2019-09-08 04:50:00,
2019-09-08 05:00:00,
2019-09-08 05:10:00,
2019-09-08 05:20:00,
2019-09-08 05:30:00,
2019-09-08 05:40:00,
2019-09-08 05:50:00,
2019-09-08 06:00:00,
2019-09-08 06:10:00,
2019-09-08 06:20:00,
2019-09-08 06:30:00,
2019-09-08 06:40:00,
2019-09-08 06:50:00,
2019-09-08 07:00:00,
2019-09-08 07:10:00,
2019-09-08 07:20:00,
2019-09-08 07:30:00,
2019-09-08 07:40:00,
2019-09-08 07:50:00,
2019-09-08 08:00:00,
2019-09-08 08:10:00,
2019-09-08 08:20:00,
2019-09-08 08:30:00,
2019-09-08 08:40:00,
2019-09-08 08:50:00,
2019-09-08 09:00:00,
2019-09-08 09:10:00,
2019-09-08 09:20:00,
2019-09-08 09:30:00,
2019-09-08 09:40:00,
2019-09-08 09:50:00,
2019-09-08 10:00:00,
2019-09-08 10:10:00,
2019-09-08 10:20:00,
2019-09-08 10:30:00,
2019-09-08 10:40:00,
2019-09-08 10:50:00,
2019-09-08 11:00:00,
2019-09-08 11:10:00,
2019-09-08 11:20:00,
2019-09-08 11:30:00,
2019-09-08 11:40:00,
2019-09-08 11:50:00,
2019-09-08 12:00:00,
2019-09-08 12:10:00,
2019-09-08 12:20:00,
2019-09-08 12:30:00,
2019-09-08 12:40:00,
2019-09-08 12:50:00,
2019-09-08 13:00:00,
2019-09-08 13:10:00,
2019-09-08 13:20:00,
2019-09-08 13:30:00,
2019-09-08 13:40:00,
2019-09-08 13:50:00,
2019-09-08 14:00:00,
2019-09-08 14:10:00,
2019-09-08 14:20:00,
2019-09-08 14:30:00,
2019-09-08 14:40:00,
2019-09-08 14:50:00,
2019-09-08 15:00:00,
2019-09-08 15:10:00,
2019-09-08 15:20:00,
2019-09-08 15:30:00,
2019-09-08 15:40:00,
2019-09-08 15:50:00,
2019-09-08 16:00:00,
2019-09-08 16:10:00,
2019-09-08 16:20:00,
2019-09-08 16:30:00,
2019-09-08 16:40:00,
2019-09-08 16:50:00,
2019-09-08 17:00:00,
2019-09-08 17:10:00,
2019-09-08 17:20:00,
2019-09-08 17:30:00,
2019-09-08 17:40:00,
2019-09-08 17:50:00,
2019-09-08 18:00:00,
2019-09-08 18:10:00,
2019-09-08 18:20:00,
2019-09-08 18:30:00,
2019-09-08 18:40:00,
2019-09-08 18:50:00,
2019-09-08 19:00:00,
2019-09-08 19:10:00,
2019-09-08 19:20:00,
2019-09-08 19:30:00,
2019-09-08 19:40:00,
2019-09-08 19:50:00,
2019-09-08 20:00:00,
2019-09-08 20:10:00,
2019-09-08 20:20:00,
2019-09-08 20:30:00,
2019-09-08 20:40:00,
2019-09-08 20:50:00,
2019-09-08 21:00:00,
2019-09-08 21:10:00,
2019-09-08 21:20:00,
2019-09-08 21:30:00,
2019-09-08 21:40:00,
2019-09-08 21:50:00,
2019-09-08 22:00:00,
2019-09-08 22:10:00,
2019-09-08 22:20:00,
2019-09-08 22:30:00,
2019-09-08 22:40:00,
2019-09-08 22:50:00,
2019-09-08 23:00:00,
2019-09-08 23:10:00,
2019-09-08 23:20:00,
2019-09-08 23:30:00,
2019-09-08 23:40:00,
2019-09-08 23:50:00,
2019-09-09 00:00:00,
2019-09-09 00:10:00,
2019-09-09 00:20:00,
2019-09-09 00:30:00,
2019-09-09 00:40:00,
2019-09-09 00:50:00,
2019-09-09 01:00:00,
2019-09-09 01:10:00,
2019-09-09 01:20:00,
2019-09-09 01:30:00,
2019-09-09 01:40:00,
2019-09-09 01:50:00,
2019-09-09 02:00:00,
2019-09-09 02:10:00,
2019-09-09 02:20:00,
2019-09-09 02:30:00,
2019-09-09 02:40:00,
2019-09-09 02:50:00,
2019-09-09 03:00:00,
2019-09-09 03:10:00,
2019-09-09 03:20:00,
2019-09-09 03:30:00,
2019-09-09 03:40:00,
2019-09-09 03:50:00,
2019-09-09 04:00:00,
2019-09-09 04:10:00,
2019-09-09 04:20:00,
2019-09-09 04:30:00,
2019-09-09 04:40:00,
2019-09-09 04:50:00,
2019-09-09 05:00:00,
2019-09-09 05:10:00,
2019-09-09 05:20:00,
2019-09-09 05:30:00,
2019-09-09 05:40:00,
2019-09-09 05:50:00,
2019-09-09 06:00:00,
2019-09-09 06:10:00,
2019-09-09 06:20:00,
2019-09-09 06:30:00,
2019-09-09 06:40:00,
2019-09-09 06:50:00,
2019-09-09 07:00:00,
2019-09-09 07:10:00,
2019-09-09 07:20:00,
2019-09-09 07:30:00,
2019-09-09 07:40:00,
2019-09-09 07:50:00,
2019-09-09 08:00:00,
2019-09-09 08:10:00,
2019-09-09 08:20:00,
2019-09-09 08:30:00,
2019-09-09 08:40:00,
2019-09-09 08:50:00,
2019-09-09 09:00:00,
2019-09-09 09:10:00,
2019-09-09 09:20:00,
2019-09-09 09:30:00,
2019-09-09 09:40:00,
2019-09-09 09:50:00,
2019-09-09 10:00:00,
2019-09-09 10:10:00,
2019-09-09 10:20:00,
2019-09-09 10:30:00,
2019-09-09 10:40:00,
2019-09-09 10:50:00,
2019-09-09 11:00:00,
2019-09-09 11:10:00,
2019-09-09 11:20:00,
2019-09-09 11:30:00,
2019-09-09 11:40:00,
2019-09-09 11:50:00,
2019-09-09 12:00:00,
2019-09-09 12:10:00,
2019-09-09 12:20:00,
2019-09-09 12:30:00,
2019-09-09 12:40:00,
2019-09-09 12:50:00,
2019-09-09 13:00:00,
2019-09-09 13:10:00,
2019-09-09 13:20:00,
2019-09-09 13:30:00,
2019-09-09 13:40:00,
2019-09-09 13:50:00,
2019-09-09 14:00:00,
2019-09-09 14:10:00,
2019-09-09 14:20:00,
2019-09-09 14:30:00,
2019-09-09 14:40:00,
2019-09-09 14:50:00,
2019-09-09 15:00:00,
2019-09-09 15:10:00,
2019-09-09 15:20:00,
2019-09-09 15:30:00,
2019-09-09 15:40:00,
2019-09-09 15:50:00,
2019-09-09 16:00:00,
2019-09-09 16:10:00,
2019-09-09 16:20:00,
2019-09-09 16:30:00,
2019-09-09 16:40:00,
2019-09-09 16:50:00,
2019-09-09 17:00:00,
2019-09-09 17:10:00,
2019-09-09 17:20:00,
2019-09-09 17:30:00,
2019-09-09 17:40:00,
2019-09-09 17:50:00,
2019-09-09 18:00:00,
2019-09-09 18:10:00,
2019-09-09 18:20:00,
2019-09-09 18:30:00,
2019-09-09 18:40:00,
2019-09-09 18:50:00,
2019-09-09 19:00:00,
2019-09-09 19:10:00,
2019-09-09 19:20:00,
2019-09-09 19:30:00,
2019-09-09 19:40:00,
2019-09-09 19:50:00,
2019-09-09 20:00:00,
2019-09-09 20:10:00,
2019-09-09 20:20:00,
2019-09-09 20:30:00,
2019-09-09 20:40:00,
2019-09-09 20:50:00,
2019-09-09 21:00:00,
2019-09-09 21:10:00,
2019-09-09 21:20:00,
2019-09-09 21:30:00,
2019-09-09 21:40:00,
2019-09-09 21:50:00,
2019-09-09 22:00:00,
2019-09-09 22:10:00,
2019-09-09 22:20:00,
2019-09-09 22:30:00,
2019-09-09 22:40:00,
2019-09-09 22:50:00,
2019-09-09 23:00:00,
2019-09-09 23:10:00,
2019-09-09 23:20:00,
2019-09-09 23:30:00,
2019-09-09 23:40:00,
2019-09-09 23:50:00,
2019-09-10 00:00:00,
2019-09-10 00:10:00,
2019-09-10 00:20:00,
2019-09-10 00:30:00,
2019-09-10 00:40:00,
2019-09-10 00:50:00,
2019-09-10 01:00:00,
2019-09-10 01:10:00,
2019-09-10 01:20:00,
2019-09-10 01:30:00,
2019-09-10 01:40:00,
2019-09-10 01:50:00,
2019-09-10 02:00:00,
2019-09-10 02:10:00,
2019-09-10 02:20:00,
2019-09-10 02:30:00,
2019-09-10 02:40:00,
2019-09-10 02:50:00,
2019-09-10 03:00:00,
2019-09-10 03:10:00,
2019-09-10 03:20:00,
2019-09-10 03:30:00,
2019-09-10 03:40:00,
2019-09-10 03:50:00,
2019-09-10 04:00:00,
2019-09-10 04:10:00,
2019-09-10 04:20:00,
2019-09-10 04:30:00,
2019-09-10 04:40:00,
2019-09-10 04:50:00,
2019-09-10 05:00:00,
2019-09-10 05:10:00,
2019-09-10 05:20:00,
2019-09-10 05:30:00,
2019-09-10 05:40:00,
2019-09-10 05:50:00,
2019-09-10 06:00:00,
2019-09-10 06:10:00,
2019-09-10 06:20:00,
2019-09-10 06:30:00,
2019-09-10 06:40:00,
2019-09-10 06:50:00,
2019-09-10 07:00:00,
2019-09-10 07:10:00,
2019-09-10 07:20:00,
2019-09-10 07:30:00,
2019-09-10 07:40:00,
2019-09-10 07:50:00,
2019-09-10 08:00:00,
2019-09-10 08:10:00,
2019-09-10 08:20:00,
2019-09-10 08:30:00,
2019-09-10 08:40:00,
2019-09-10 08:50:00,
2019-09-10 09:00:00,
2019-09-10 09:10:00,
2019-09-10 09:20:00,
2019-09-10 09:30:00,
2019-09-10 09:40:00,
2019-09-10 09:50:00,
2019-09-10 10:00:00,
2019-09-10 10:10:00,
2019-09-10 10:20:00,
2019-09-10 10:30:00,
2019-09-10 10:40:00,
2019-09-10 10:50:00,
2019-09-10 11:00:00,
2019-09-10 11:10:00,
2019-09-10 11:20:00,
2019-09-10 11:30:00,
2019-09-10 11:40:00,
2019-09-10 11:50:00,
2019-09-10 12:00:00,
2019-09-10 12:10:00,
2019-09-10 12:20:00,
2019-09-10 12:30:00,
2019-09-10 12:40:00,
2019-09-10 12:50:00,
2019-09-10 13:00:00,
2019-09-10 13:10:00,
2019-09-10 13:20:00,
2019-09-10 13:30:00,
2019-09-10 13:40:00,
2019-09-10 13:50:00,
2019-09-10 14:00:00,
2019-09-10 14:10:00,
2019-09-10 14:20:00,
2019-09-10 14:30:00,
2019-09-10 14:40:00,
2019-09-10 14:50:00,
2019-09-10 15:00:00,
2019-09-10 15:10:00,
2019-09-10 15:20:00,
2019-09-10 15:30:00,
2019-09-10 15:40:00,
2019-09-10 15:50:00,
2019-09-10 16:00:00,
2019-09-10 16:10:00,
2019-09-10 16:20:00,
2019-09-10 16:30:00,
2019-09-10 16:40:00,
2019-09-10 16:50:00,
2019-09-10 17:00:00,
2019-09-10 17:10:00,
2019-09-10 17:20:00,
2019-09-10 17:30:00,
2019-09-10 17:40:00,
2019-09-10 17:50:00,
2019-09-10 18:00:00,
2019-09-10 18:10:00,
2019-09-10 18:20:00,
2019-09-10 18:30:00,
2019-09-10 18:40:00,
2019-09-10 18:50:00,
2019-09-10 19:00:00,
2019-09-10 19:10:00,
2019-09-10 19:20:00,
2019-09-10 19:30:00,
2019-09-10 19:40:00,
2019-09-10 19:50:00,
2019-09-10 20:00:00,
2019-09-10 20:10:00,
2019-09-10 20:20:00,
2019-09-10 20:30:00,
2019-09-10 20:40:00,
2019-09-10 20:50:00,
2019-09-10 21:00:00,
2019-09-10 21:10:00,
2019-09-10 21:20:00,
2019-09-10 21:30:00,
2019-09-10 21:40:00,
2019-09-10 21:50:00,
2019-09-10 22:00:00,
2019-09-10 22:10:00,
2019-09-10 22:20:00,
2019-09-10 22:30:00,
2019-09-10 22:40:00,
2019-09-10 22:50:00,
2019-09-10 23:00:00,
2019-09-10 23:10:00,
2019-09-10 23:20:00,
2019-09-10 23:30:00,
2019-09-10 23:40:00,
2019-09-10 23:50:00,
2019-09-11 00:00:00,
2019-09-11 00:10:00,4.10461318899994
2019-09-11 00:20:00,3.7841546065380127
2019-09-11 00:30:00,3.8275677513108226
2019-09-11 00:40:00,2.8966992097535376
2019-09-11 00:50:00,4.350764629104264
2019-09-11 01:00:00,14.054533694722537
2019-09-11 01:10:00,4.49050173855519
2019-09-11 01:20:00,3.4755790820712598
2019-09-11 01:30:00,2.585380820056723
2019-09-11 01:40:00,4.8194849698929705
2019-09-11 01:50:00,3.8091179265726547
2019-09-11 02:00:00,4.041654493640362
2019-09-11 02:10:00,2.8525020117131596
2019-09-11 02:20:00,2.5027766273782395
2019-09-11 02:30:00,3.5069469929354744
2019-09-11 02:40:00,3.4554624716492923
2019-09-11 02:50:00,3.359788735942721
2019-09-11 03:00:00,3.882976960445235
2019-09-11 03:10:00,5.720575539720136
2019-09-11 03:20:00,5.292594245707377
2019-09-11 03:30:00,3.6705483245671235
2019-09-11 03:40:00,3.7789411643239914
2019-09-11 03:50:00,3.1814157990436285
2019-09-11 04:00:00,2.9583572754687992
2019-09-11 04:10:00,5.744506231471035
2019-09-11 04:20:00,5.505047691553004
2019-09-11 04:30:00,4.170853557382454
2019-09-11 04:40:00,4.52218363927224
2019-09-11 04:50:00,5.990569469081872
2019-09-11 05:00:00,5.8432800009289565
2019-09-11 05:10:00,10.867460171063735
2019-09-11 05:20:00,14.456435260080845
2019-09-11 05:30:00,18.581344125271144
2019-09-11 05:40:00,19.702415169785716
2019-09-11 05:50:00,25.199408625781324
2019-09-11 06:00:00,29.79625416415739
2019-09-11 06:10:00,34.09665011456132
2019-09-11 06:20:00,29.217368004594206
2019-09-11 06:30:00,21.001566747581258
2019-09-11 06:40:00,16.124894060778825
2019-09-11 06:50:00,17.349291057234534
2019-09-11 07:00:00,10.384423445165837
2019-09-11 07:10:00,9.891806161604652
2019-09-11 07:20:00,6.483112894672823
2019-09-11 07:30:00,6.206852923473775
2019-09-11 07:40:00,6.06231871727929
2019-09-11 07:50:00,7.2929513158368335
2019-09-11 08:00:00,5.857570571715542
2019-09-11 08:10:00,5.831212688372038
2019-09-11 08:20:00,5.475447165886656
2019-09-11 08:30:00,4.84790066103911
2019-09-11 08:40:00,5.178245806910418
2019-09-11 08:50:00,4.865121161794127
2019-09-11 09:00:00,4.705298643615249
2019-09-11 09:10:00,4.450868061192513
2019-09-11 09:20:00,4.755855160992425
2019-09-11 09:30:00,3.6904169389706567
2019-09-11 09:40:00,3.4303457659762557
2019-09-11 09:50:00,3.2942456957329678
2019-09-11 10:00:00,2.749498982124937
2019-09-11 10:10:00,2.3589442262772664
2019-09-11 10:20:00,2.0471521952787164
2019-09-11 10:30:00,4.278714511245359
2019-09-11 10:40:00,4.246497639378496
2019-09-11 10:50:00,4.063231448465896
2019-09-11 11:00:00,4.43216085367729
2019-09-11 11:10:00,4.892006419466736
2019-09-11 11:20:00,4.343310262525483
2019-09-11 11:30:00,4.244658386426634
2019-09-11 11:40:00,4.002599565063292
2019-09-11 11:50:00,3.660266120737614
2019-09-11 12:00:00,3.3176438734382514
2019-09-11 12:10:00,2.1378061067966114
2019-09-11 12:20:00,3.225900378602983
2019-09-11 12:30:00,2.963022017792637
2019-09-11 12:40:00,1.7824493453539576
2019-09-11 12:50:00,3.237298954543492
2019-09-11 13:00:00,2.2430253930937996
2019-09-11 13:10:00,1.7528402528954299
2019-09-11 13:20:00,3.4966030401546653
2019-09-11 13:30:00,1.7635739060879043
2019-09-11 13:40:00,3.0911611141250597
2019-09-11 13:50:00,2.1483054933492487
2019-09-11 14:00:00,3.620572839681238
2019-09-11 14:10:00,2.145052905697406
2019-09-11 14:20:00,2.8886681358502573
2019-09-11 14:30:00,2.320490322027589
2019-09-11 14:40:00,2.6906791913333854
2019-09-11 14:50:00,2.3263062095168188
2019-09-11 15:00:00,2.7340151537916286
2019-09-11 15:10:00,2.1975864124534015
2019-09-11 15:20:00,2.855420441766805
2019-09-11 15:30:00,1.927660164578012
2019-09-11 15:40:00,1.7226917241828223
2019-09-11 15:50:00,1.4874971585092513
2019-09-11 16:00:00,1.5478834734389144
2019-09-11 16:10:00,3.417351847683068
2019-09-11 16:20:00,2.9099968807580936
2019-09-11 16:30:00,2.6756927416316527
2019-09-11 16:40:00,3.1522543243879038
2019-09-11 16:50:00,2.4165156697412065
2019-09-11 17:00:00,2.4472429129887288
2019-09-11 17:10:00,2.705529601711058
2019-09-11 17:20:00,2.465091166802976
2019-09-11 17:30:00,2.688800328746199
2019-09-11 17:40:00,2.4363401830690337
2019-09-11 17:50:00,2.7679168942414365
2019-09-11 18:00:00,2.77447139792702
2019-09-11 18:10:00,2.9790295943612457
2019-09-11 18:20:00,2.2582998045809433
2019-09-11 18:30:00,2.2602397106564727
2019-09-11 18:40:00,2.5009052831301553
2019-09-11 18:50:00,2.742042953427813
2019-09-11 19:00:00,2.7431208255166792
2019-09-11 19:10:00,3.0253834031477456
2019-09-11 19:20:00,3.03551091859105
2019-09-11 19:30:00,3.0714109532876606
2019-09-11 19:40:00,3.0939789285331223
2019-09-11 19:50:00,3.2195008561246787
2019-09-11 20:00:00,3.4891641603944183
2019-09-11 20:10:00,3.45252623647443
2019-09-11 20:20:00,4.233885378151546
2019-09-11 20:30:00,3.669704631484602
2019-09-11 20:40:00,4.15064455145344
2019-09-11 20:50:00,6.165110441995921
2019-09-11 21:00:00,5.142087163463538
2019-09-11 21:10:00,5.370793652744644
2019-09-11 21:20:00,5.068759238612858
2019-09-11 21:30:00,4.118293016132354
2019-09-11 21:40:00,4.137412010220245
2019-09-11 21:50:00,6.007127190062714
2019-09-11 22:00:00,5.758581856900722
2019-09-11 22:10:00,5.9016039667299784
2019-09-11 22:20:00,6.048124545450079
2019-09-11 22:30:00,6.807533373729724
2019-09-11 22:40:00,5.62819669746899
2019-09-11 22:50:00,6.4890782164908
2019-09-11 23:00:00,6.794268163199053
2019-09-11 23:10:00,6.632851473741441
2019-09-11 23:20:00,5.988175035987151
2019-09-11 23:30:00,4.243291942929846
2019-09-11 23:40:00,16.322779280961065
2019-09-11 23:50:00,6.028440005326303
2019-09-12 00:00:00,
2019-09-12 00:10:00,
2019-09-12 00:20:00,
2019-09-12 00:30:00,
2019-09-12 00:40:00,
2019-09-12 00:50:00,
2019-09-12 01:00:00,
2019-09-12 01:10:00,
2019-09-12 01:20:00,
2019-09-12 01:30:00,
2019-09-12 01:40:00,
2019-09-12 01:50:00,
2019-09-12 02:00:00,
2019-09-12 02:10:00,
2019-09-12 02:20:00,
2019-09-12 02:30:00,
2019-09-12 02:40:00,
2019-09-12 02:50:00,
2019-09-12 03:00:00,
2019-09-12 03:10:00,
2019-09-12 03:20:00,
2019-09-12 03:30:00,
2019-09-12 03:40:00,
2019-09-12 03:50:00,
2019-09-12 04:00:00,
2019-09-12 04:10:00,
2019-09-12 04:20:00,
2019-09-12 04:30:00,
2019-09-12 04:40:00,
2019-09-12 04:50:00,
2019-09-12 05:00:00,
2019-09-12 05:10:00,
2019-09-12 05:20:00,
2019-09-12 05:30:00,
2019-09-12 05:40:00,
2019-09-12 05:50:00,
2019-09-12 06:00:00,
2019-09-12 06:10:00,
2019-09-12 06:20:00,
2019-09-12 06:30:00,
2019-09-12 06:40:00,
2019-09-12 06:50:00,
2019-09-12 07:00:00,
2019-09-12 07:10:00,
2019-09-12 07:20:00,
2019-09-12 07:30:00,
2019-09-12 07:40:00,
2019-09-12 07:50:00,
2019-09-12 08:00:00,
2019-09-12 08:10:00,
2019-09-12 08:20:00,
2019-09-12 08:30:00,
2019-09-12 08:40:00,
2019-09-12 08:50:00,
2019-09-12 09:00:00,
2019-09-12 09:10:00,
2019-09-12 09:20:00,
2019-09-12 09:30:00,
2019-09-12 09:40:00,
2019-09-12 09:50:00,
2019-09-12 10:00:00,
2019-09-12 10:10:00,
2019-09-12 10:20:00,
2019-09-12 10:30:00,
2019-09-12 10:40:00,
2019-09-12 10:50:00,
2019-09-12 11:00:00,
2019-09-12 11:10:00,
2019-09-12 11:20:00,
2019-09-12 11:30:00,
2019-09-12 11:40:00,
2019-09-12 11:50:00,
2019-09-12 12:00:00,
2019-09-12 12:10:00,
2019-09-12 12:20:00,
2019-09-12 12:30:00,
2019-09-12 12:40:00,
2019-09-12 12:50:00,
2019-09-12 13:00:00,
2019-09-12 13:10:00,
2019-09-12 13:20:00,
2019-09-12 13:30:00,
2019-09-12 13:40:00,
2019-09-12 13:50:00,
2019-09-12 14:00:00,
2019-09-12 14:10:00,
2019-09-12 14:20:00,
2019-09-12 14:30:00,
2019-09-12 14:40:00,
2019-09-12 14:50:00,
2019-09-12 15:00:00,
2019-09-12 15:10:00,
2019-09-12 15:20:00,
2019-09-12 15:30:00,
2019-09-12 15:40:00,
2019-09-12 15:50:00,
2019-09-12 16:00:00,
2019-09-12 16:10:00,
2019-09-12 16:20:00,
2019-09-12 16:30:00,
2019-09-12 16:40:00,
2019-09-12 16:50:00,
2019-09-12 17:00:00,
2019-09-12 17:10:00,
2019-09-12 17:20:00,
2019-09-12 17:30:00,
2019-09-12 17:40:00,
2019-09-12 17:50:00,
2019-09-12 18:00:00,
2019-09-12 18:10:00,
2019-09-12 18:20:00,
2019-09-12 18:30:00,
2019-09-12 18:40:00,
2019-09-12 18:50:00,
2019-09-12 19:00:00,
2019-09-12 19:10:00,
2019-09-12 19:20:00,
2019-09-12 19:30:00,
2019-09-12 19:40:00,
2019-09-12 19:50:00,
2019-09-12 20:00:00,
2019-09-12 20:10:00,
2019-09-12 20:20:00,
2019-09-12 20:30:00,
2019-09-12 20:40:00,
2019-09-12 20:50:00,
2019-09-12 21:00:00,
2019-09-12 21:10:00,
2019-09-12 21:20:00,
2019-09-12 21:30:00,
2019-09-12 21:40:00,
2019-09-12 21:50:00,
2019-09-12 22:00:00,
2019-09-12 22:10:00,
2019-09-12 22:20:00,
2019-09-12 22:30:00,
2019-09-12 22:40:00,
2019-09-12 22:50:00,
2019-09-12 23:00:00,
2019-09-12 23:10:00,
2019-09-12 23:20:00,
2019-09-12 23:30:00,
2019-09-12 23:40:00,
2019-09-12 23:50:00,
2019-09-13 00:00:00,
2019-09-13 00:10:00,
2019-09-13 00:20:00,
2019-09-13 00:30:00,
2019-09-13 00:40:00,
2019-09-13 00:50:00,
2019-09-13 01:00:00,
2019-09-13 01:10:00,
2019-09-13 01:20:00,
2019-09-13 01:30:00,
2019-09-13 01:40:00,
2019-09-13 01:50:00,
2019-09-13 02:00:00,
2019-09-13 02:10:00,
2019-09-13 02:20:00,
2019-09-13 02:30:00,
2019-09-13 02:40:00,
2019-09-13 02:50:00,
2019-09-13 03:00:00,
2019-09-13 03:10:00,
2019-09-13 03:20:00,
2019-09-13 03:30:00,
2019-09-13 03:40:00,
2019-09-13 03:50:00,
2019-09-13 04:00:00,
2019-09-13 04:10:00,
2019-09-13 04:20:00,
2019-09-13 04:30:00,
2019-09-13 04:40:00,
2019-09-13 04:50:00,
2019-09-13 05:00:00,
2019-09-13 05:10:00,
2019-09-13 05:20:00,
2019-09-13 05:30:00,
2019-09-13 05:40:00,
2019-09-13 05:50:00,
2019-09-13 06:00:00,
2019-09-13 06:10:00,
2019-09-13 06:20:00,
2019-09-13 06:30:00,
2019-09-13 06:40:00,
2019-09-13 06:50:00,
2019-09-13 07:00:00,
2019-09-13 07:10:00,
2019-09-13 07:20:00,
2019-09-13 07:30:00,
2019-09-13 07:40:00,
2019-09-13 07:50:00,
2019-09-13 08:00:00,
2019-09-13 08:10:00,
2019-09-13 08:20:00,
2019-09-13 08:30:00,
2019-09-13 08:40:00,
2019-09-13 08:50:00,
2019-09-13 09:00:00,
2019-09-13 09:10:00,
2019-09-13 09:20:00,
2019-09-13 09:30:00,
2019-09-13 09:40:00,
2019-09-13 09:50:00,
2019-09-13 10:00:00,
2019-09-13 10:10:00,
2019-09-13 10:20:00,
2019-09-13 10:30:00,
2019-09-13 10:40:00,
2019-09-13 10:50:00,
2019-09-13 11:00:00,
2019-09-13 11:10:00,
2019-09-13 11:20:00,
2019-09-13 11:30:00,
2019-09-13 11:40:00,
2019-09-13 11:50:00,
2019-09-13 12:00:00,
2019-09-13 12:10:00,
2019-09-13 12:20:00,
2019-09-13 12:30:00,
2019-09-13 12:40:00,
2019-09-13 12:50:00,
2019-09-13 13:00:00,
2019-09-13 13:10:00,
2019-09-13 13:20:00,
2019-09-13 13:30:00,
2019-09-13 13:40:00,
2019-09-13 13:50:00,
2019-09-13 14:00:00,
2019-09-13 14:10:00,
2019-09-13 14:20:00,
2019-09-13 14:30:00,
2019-09-13 14:40:00,
2019-09-13 14:50:00,
2019-09-13 15:00:00,
2019-09-13 15:10:00,
2019-09-13 15:20:00,
2019-09-13 15:30:00,
2019-09-13 15:40:00,
2019-09-13 15:50:00,
2019-09-13 16:00:00,
2019-09-13 16:10:00,
2019-09-13 16:20:00,
2019-09-13 16:30:00,
2019-09-13 16:40:00,
2019-09-13 16:50:00,
2019-09-13 17:00:00,
2019-09-13 17:10:00,
2019-09-13 17:20:00,
2019-09-13 17:30:00,
2019-09-13 17:40:00,
2019-09-13 17:50:00,
2019-09-13 18:00:00,
2019-09-13 18:10:00,
2019-09-13 18:20:00,
2019-09-13 18:30:00,
2019-09-13 18:40:00,
2019-09-13 18:50:00,
2019-09-13 19:00:00,
2019-09-13 19:10:00,
2019-09-13 19:20:00,
2019-09-13 19:30:00,
2019-09-13 19:40:00,
2019-09-13 19:50:00,
2019-09-13 20:00:00,
2019-09-13 20:10:00,
2019-09-13 20:20:00,
2019-09-13 20:30:00,
2019-09-13 20:40:00,
2019-09-13 20:50:00,
2019-09-13 21:00:00,
2019-09-13 21:10:00,
2019-09-13 21:20:00,
2019-09-13 21:30:00,
2019-09-13 21:40:00,
2019-09-13 21:50:00,
2019-09-13 22:00:00,
2019-09-13 22:10:00,
2019-09-13 22:20:00,
2019-09-13 22:30:00,
2019-09-13 22:40:00,
2019-09-13 22:50:00,
2019-09-13 23:00:00,
2019-09-13 23:10:00,
2019-09-13 23:20:00,
2019-09-13 23:30:00,
2019-09-13 23:40:00,
2019-09-13 23:50:00,
2019-09-14 00:00:00,2.979774878414606
2019-09-14 00:10:00,2.858406292431733
2019-09-14 00:20:00,2.6652470811051105
2019-09-14 00:30:00,2.7902072129574806
2019-09-14 00:40:00,2.774446429464885
2019-09-14 00:50:00,2.6158993688436456
2019-09-14 01:00:00,3.35751344370231
2019-09-14 01:10:00,2.5822907639364123
2019-09-14 01:20:00,2.581677404117221
2019-09-14 01:30:00,2.58402450791225
2019-09-14 01:40:00,2.840603636989929
2019-09-14 01:50:00,2.9898202816335266
2019-09-14 02:00:00,3.0537545120779352
2019-09-14 02:10:00,2.969270011299626
2019-09-14 02:20:00,2.8016076866122295
2019-09-14 02:30:00,2.7013126015361197
2019-09-14 02:40:00,4.973432676938389
2019-09-14 02:50:00,2.8654170277399595
2019-09-14 03:00:00,4.904116744794064
2019-09-14 03:10:00,3.16423357029889
2019-09-14 03:20:00,3.952621007524094
2019-09-14 03:30:00,4.472554463322604
2019-09-14 03:40:00,3.5597723107633468
2019-09-14 03:50:00,3.4021973079333723
2019-09-14 04:00:00,3.994760712676255
2019-09-14 04:10:00,3.618633141837076
2019-09-14 04:20:00,3.5851121447988756
2019-09-14 04:30:00,6.512382143974691
2019-09-14 04:40:00,4.776621386044027
2019-09-14 04:50:00,5.102112990126161
2019-09-14 05:00:00,4.503688783122952
2019-09-14 05:10:00,4.969760339746379
2019-09-14 05:20:00,6.674467265604786
2019-09-14 05:30:00,8.518887433783727
2019-09-14 05:40:00,3.652445599334729
2019-09-14 05:50:00,6.740269630798363
2019-09-14 06:00:00,6.850890519678235
2019-09-14 06:10:00,6.8618376452996115
2019-09-14 06:20:00,6.766859050001304
2019-09-14 06:30:00,6.670708082125686
2019-09-14 06:40:00,6.505985857600886
2019-09-14 06:50:00,10.343213278614012
2019-09-14 07:00:00,7.677338412610161
2019-09-14 07:10:00,5.856443074691722
2019-09-14 07:20:00,6.29661474486336
2019-09-14 07:30:00,8.131660130076597
2019-09-14 07:40:00,5.019052774939045
2019-09-14 07:50:00,5.954609761688335
2019-09-14 08:00:00,4.671200574713341
2019-09-14 08:10:00,4.832842002439955
2019-09-14 08:20:00,3.7161573404673005
2019-09-14 08:30:00,3.774071474352301
2019-09-14 08:40:00,4.352399759976324
2019-09-14 08:50:00,3.667055273815281
2019-09-14 09:00:00,3.5937576431776175
2019-09-14 09:10:00,3.1040592485058998
2019-09-14 09:20:00,3.2863352268796886
2019-09-14 09:30:00,3.0827799474751227
2019-09-14 09:40:00,2.708037019724237
2019-09-14 09:50:00,3.078016338977105
2019-09-14 10:00:00,3.0882910392192775
2019-09-14 10:10:00,3.022380183538678
2019-09-14 10:20:00,4.909991834473358
2019-09-14 10:30:00,2.2217772708870376
2019-09-14 10:40:00,3.5998141070277714
2019-09-14 10:50:00,4.5834100911986475
2019-09-14 11:00:00,4.436290168137406
2019-09-14 11:10:00,3.745229226542726
2019-09-14 11:20:00,3.557989948628382
2019-09-14 11:30:00,3.2035216735630336
2019-09-14 11:40:00,2.471945314254844
2019-09-14 11:50:00,2.992664048919054
2019-09-14 12:00:00,1.702285282257191
2019-09-14 12:10:00,2.8311830627782384
2019-09-14 12:20:00,2.406989979017098
2019-09-14 12:30:00,1.7927746919197158
2019-09-14 12:40:00,1.9475451520452767
2019-09-14 12:50:00,3.6088936563687475
2019-09-14 13:00:00,1.5708123958088756
2019-09-14 13:10:00,1.6180044845769714
2019-09-14 13:20:00,2.0631272593945873
2019-09-14 13:30:00,3.394376455841326
2019-09-14 13:40:00,3.4083249538912956
2019-09-14 13:50:00,1.3628864848021118
2019-09-14 14:00:00,1.4760958540590066
2019-09-14 14:10:00,1.3620881635158257
2019-09-14 14:20:00,1.9762032949125974
2019-09-14 14:30:00,1.4162047303838943
2019-09-14 14:40:00,1.3715504049575866
2019-09-14 14:50:00,1.5365094233023147
2019-09-14 15:00:00,1.5228741789180686
2019-09-14 15:10:00,2.0427417814245095
2019-09-14 15:20:00,1.4031858642064554
2019-09-14 15:30:00,1.483394617691265
2019-09-14 15:40:00,1.4151967203385194
2019-09-14 15:50:00,1.37022948621782
2019-09-14 16:00:00,1.3676326063559054
2019-09-14 16:10:00,1.4215488389576487
2019-09-14 16:20:00,1.3670277916216973
2019-09-14 16:30:00,1.6356579369315156
2019-09-14 16:40:00,1.5375139767152612
2019-09-14 16:50:00,1.684188986543048
2019-09-14 17:00:00,1.9155734482271791
2019-09-14 17:10:00,1.9792404945163478
2019-09-14 17:20:00,1.8548766841026776
2019-09-14 17:30:00,1.887321696552057
2019-09-14 17:40:00,1.9790033501559163
2019-09-14 17:50:00,2.0351964339355835
2019-09-14 18:00:00,2.167056971731978
2019-09-14 18:10:00,2.2277398451681942
2019-09-14 18:20:00,2.3291987433414665
2019-09-14 18:30:00,2.4429982815542712
2019-09-14 18:40:00,2.6959476553924495
2019-09-14 18:50:00,2.739316604972956
2019-09-14 19:00:00,2.7983533267272236
2019-09-14 19:10:00,3.0081716167032027
2019-09-14 19:20:00,3.0135486715513458
2019-09-14 19:30:00,3.115925946253371
2019-09-14 19:40:00,3.2571633282497086
2019-09-14 19:50:00,3.330640864978973
2019-09-14 20:00:00,3.4917081234333063
2019-09-14 20:10:00,3.297622029818569
2019-09-14 20:20:00,3.3875993741894037
2019-09-14 20:30:00,3.65325919162603
2019-09-14 20:40:00,3.7132578133051917
2019-09-14 20:50:00,3.7989825936098947
2019-09-14 21:00:00,3.794588969612383
2019-09-14 21:10:00,2.8506682039927878
2019-09-14 21:20:00,2.8317163702882304
2019-09-14 21:30:00,2.684944303401057
2019-09-14 21:40:00,2.7219214086460677
2019-09-14 21:50:00,2.7635941521786327
2019-09-14 22:00:00,2.7171216120736825
2019-09-14 22:10:00,2.8173010850854237
2019-09-14 22:20:00,2.8488627086730074
2019-09-14 22:30:00,2.894922529804036
2019-09-14 22:40:00,2.8382532367950537
2019-09-14 22:50:00,2.824127405731117
2019-09-14 23:00:00,2.8953564014706448
2019-09-14 23:10:00,2.918667142423414
2019-09-14 23:20:00,3.1907851375687195
2019-09-14 23:30:00,3.157378059481881
2019-09-14 23:40:00,4.912001383372443
2019-09-14 23:50:00,2.8025411020539703
2019-09-15 00:00:00,
2019-09-02 00:10:00,4.281432725284281
