id_sensor_low_cost,phenomenon_time,coverage,status_id,id_sensor_low_cost_feature,no_we,no_aux,id_aq_legal_station
4011,2019-09-11 00:10:00,5,25,1,311.74,16.96,9625
4011,2019-09-11 00:20:00,4,25,1,310.18,15.93,9625
4011,2019-09-11 00:30:00,5,25,1,311.79,16.53,9625
4011,2019-09-11 00:40:00,5,25,1,311.15,16.61,9625
4011,2019-09-11 00:50:00,4,25,1,311.85,16.55,9625
4011,2019-09-11 01:00:00,5,25,1,311.52,17.41,9625
4011,2019-09-11 01:10:00,5,25,1,311.99,16.83,9625
4011,2019-09-11 01:20:00,5,25,1,310.91,16.88,9625
4011,2019-09-11 01:30:00,5,25,1,311.17,16.7,9625
4011,2019-09-11 01:40:00,5,25,1,311.32,17.34,9625
4011,2019-09-11 01:50:00,5,25,1,311.15,16.7,9625
4011,2019-09-11 02:00:00,5,25,1,310.27,16.83,9625
4011,2019-09-11 02:10:00,5,25,1,310.75,16.57,9625
4011,2019-09-11 02:20:00,5,25,1,309.96,16.64,9625
4011,2019-09-11 02:30:00,5,25,1,309.14,15.36,9625
4011,2019-09-11 02:40:00,3,25,1,310.12,16.27,9625
4011,2019-09-11 02:50:00,5,25,1,310.62,16.64,9625
4011,2019-09-11 03:00:00,5,25,1,309.28,16.15,9625
4011,2019-09-11 03:10:00,5,25,1,310.2,16.26,9625
4011,2019-09-11 03:20:00,5,25,1,310.05,16.24,9625
4011,2019-09-11 03:30:00,4,25,1,309.38,16.43,9625
4011,2019-09-11 03:40:00,4,25,1,309.1,16.41,9625
4011,2019-09-11 03:50:00,5,25,1,310.05,16.88,9625
4011,2019-09-11 04:00:00,5,25,1,309.72,16.57,9625
4011,2019-09-11 04:10:00,5,25,1,309.92,17.07,9625
4011,2019-09-11 04:20:00,5,25,1,308.9,15.88,9625
4011,2019-09-11 04:30:00,4,25,1,309.43,16.34,9625
4011,2019-09-11 04:40:00,5,25,1,309.16,16.17,9625
4011,2019-09-11 04:50:00,4,25,1,308.28,16.3,9625
4011,2019-09-11 05:00:00,5,25,1,309.25,16.11,9625
4011,2019-09-11 05:10:00,5,25,1,306.94,14.61,9625
4011,2019-09-11 05:20:00,5,25,1,308.51,15.6,9625
4011,2019-09-11 05:30:00,5,25,1,309.01,16.44,9625
4011,2019-09-11 05:40:00,4,25,1,310.52,16.98,9625
4011,2019-09-11 05:50:00,4,25,1,310.46,17.01,9625
4011,2019-09-11 06:00:00,5,25,1,312.19,18.49,9625
4011,2019-09-11 06:10:00,5,25,1,311.76,18.05,9625
4011,2019-09-11 06:20:00,5,25,1,312.34,18.73,9625
4011,2019-09-11 06:30:00,5,25,1,311.37,17.07,9625
4011,2019-09-11 06:40:00,5,25,1,311.15,16.79,9625
4011,2019-09-11 06:50:00,5,25,1,311.44,16.24,9625
4011,2019-09-11 07:00:00,5,25,1,312.08,16.7,9625
4011,2019-09-11 07:10:00,5,25,1,311.61,16,9625
4011,2019-09-11 07:20:00,5,25,1,311.83,15.36,9625
4011,2019-09-11 07:30:00,3,25,1,313.17,16.36,9625
4011,2019-09-11 07:40:00,5,25,1,313.18,15.78,9625
4011,2019-09-11 07:50:00,5,25,1,316.66,17.69,9625
4011,2019-09-11 08:00:00,5,25,1,316.75,17.5,9625
4011,2019-09-11 08:10:00,5,25,1,317.38,17.67,9625
4011,2019-09-11 08:20:00,5,25,1,316.33,15.55,9625
4011,2019-09-11 08:30:00,5,25,1,316.57,14.98,9625
4011,2019-09-11 08:40:00,5,25,1,317.76,15.67,9625
4011,2019-09-11 08:50:00,5,25,1,319.01,16.17,9625
4011,2019-09-11 09:00:00,4,25,1,318.81,15.31,9625
4011,2019-09-11 09:10:00,5,25,1,320.05,15.62,9625
4011,2019-09-11 09:20:00,5,25,1,322.5,17.1,9625
4011,2019-09-11 09:30:00,4,25,1,322.7,16.91,9625
4011,2019-09-11 09:40:00,5,25,1,322.1,15.36,9625
4011,2019-09-11 09:50:00,5,25,1,323.05,15.86,9625
4011,2019-09-11 10:00:00,5,25,1,322.85,15.18,9625
4011,2019-09-11 10:10:00,5,25,1,322.21,13.99,9625
4011,2019-09-11 10:20:00,5,25,1,322.63,13.42,9625
4011,2019-09-11 10:30:00,4,25,1,323.64,13.69,9625
4011,2019-09-11 10:40:00,5,25,1,325.56,13.93,9625
4011,2019-09-11 10:50:00,5,25,1,325.38,13.24,9625
4011,2019-09-11 11:00:00,5,25,1,327.41,14.96,9625
4011,2019-09-11 11:10:00,3,25,1,331.12,17.52,9625
4011,2019-09-11 11:20:00,5,25,1,331.37,15.45,9625
4011,2019-09-11 11:30:00,5,25,1,335.05,15.88,9625
4011,2019-09-11 11:40:00,5,25,1,337.35,15.45,9625
4011,2019-09-11 11:50:00,5,25,1,339.18,14.5,9625
4011,2019-09-11 12:00:00,4,25,1,342.75,13.85,9625
4011,2019-09-11 12:10:00,4,25,1,340.64,8.1,9625
4011,2019-09-11 12:20:00,5,25,1,349.99,14.89,9625
4011,2019-09-11 12:30:00,5,25,1,354.49,14.47,9625
4011,2019-09-11 12:40:00,5,25,1,351.65,7.31,9625
4011,2019-09-11 12:50:00,5,25,1,365.66,17.87,9625
4011,2019-09-11 13:00:00,5,25,1,366.01,11.48,9625
4011,2019-09-11 13:10:00,5,25,1,364.71,6.92,9625
4011,2019-09-11 13:20:00,5,25,1,383.72,22.91,9625
4011,2019-09-11 13:30:00,5,25,1,370.77,4.85,9625
4011,2019-09-11 13:40:00,5,25,1,391.37,18.6,9625
4011,2019-09-11 13:50:00,5,25,1,380.55,8.26,9625
4011,2019-09-11 14:00:00,5,25,1,401.9,27.21,9625
4011,2019-09-11 14:10:00,5,25,1,383.44,4.93,9625
4011,2019-09-11 14:20:00,4,25,1,395.28,15.15,9625
4011,2019-09-11 14:30:00,4,25,1,387.86,6.98,9625
4011,2019-09-11 14:40:00,5,25,1,396.15,10.91,9625
4011,2019-09-11 14:50:00,5,25,1,388.64,4.06,9625
4011,2019-09-11 15:00:00,5,25,1,396.48,11.76,9625
4011,2019-09-11 15:10:00,5,25,1,384.83,3.31,9625
4011,2019-09-11 15:20:00,4,25,1,397.91,13.64,9625
4011,2019-09-11 15:30:00,5,25,1,373.94,-0.51,9625
4011,2019-09-11 15:40:00,5,25,1,363.34,-2.47,9625
4011,2019-09-11 15:50:00,5,25,1,356.51,-0.93,9625
4011,2019-09-11 16:00:00,5,25,1,355.92,5.05,9625
4011,2019-09-11 16:10:00,3,25,1,361.82,18.22,9625
4011,2019-09-11 16:20:00,5,25,1,352.2,13.82,9625
4011,2019-09-11 16:30:00,5,25,1,343.56,11.24,9625
4011,2019-09-11 16:40:00,5,25,1,344.97,13.59,9625
4011,2019-09-11 16:50:00,5,25,1,336.38,8.77,9625
4011,2019-09-11 17:00:00,5,25,1,336.68,8.97,9625
4011,2019-09-11 17:10:00,4,25,1,334.47,9.73,9625
4011,2019-09-11 17:20:00,4,25,1,330.57,7.92,9625
4011,2019-09-11 17:30:00,5,25,1,329.92,8.81,9625
4011,2019-09-11 17:40:00,5,25,1,324.44,6.59,9625
4011,2019-09-11 17:50:00,5,25,1,325.16,8.26,9625
4011,2019-09-11 18:00:00,4,25,1,323.94,8.06,9625
4011,2019-09-11 18:10:00,4,25,1,322.95,8.74,9625
4011,2019-09-11 18:20:00,5,25,1,321.53,9.14,9625
4011,2019-09-11 18:30:00,5,25,1,321.55,9.78,9625
4011,2019-09-11 18:40:00,5,25,1,320.42,10.2,9625
4011,2019-09-11 18:50:00,5,25,1,319.08,10.4,9625
4011,2019-09-11 19:00:00,5,25,1,319.17,10.78,9625
4011,2019-09-11 19:10:00,4,25,1,318.28,11.74,9625
4011,2019-09-11 19:20:00,5,25,1,317.05,11.24,9625
4011,2019-09-11 19:30:00,4,25,1,317.73,11.95,9625
4011,2019-09-11 19:40:00,5,25,1,317.61,12.21,9625
4011,2019-09-11 19:50:00,5,25,1,316.81,12.82,9625
4011,2019-09-11 20:00:00,5,25,1,316.52,13.4,9625
4011,2019-09-11 20:10:00,5,25,1,316.63,13.04,9625
4011,2019-09-11 20:20:00,3,25,1,315.98,14.5,9625
4011,2019-09-11 20:30:00,5,25,1,315.84,14.01,9625
4011,2019-09-11 20:40:00,5,25,1,316.42,14.48,9625
4011,2019-09-11 20:50:00,5,25,1,315.12,14.63,9625
4011,2019-09-11 21:00:00,4,25,1,316.22,15.29,9625
4011,2019-09-11 21:10:00,5,25,1,314.58,15.16,9625
4011,2019-09-11 21:20:00,5,25,1,315.11,15.14,9625
4011,2019-09-11 21:30:00,5,25,1,313.53,13.75,9625
4011,2019-09-11 21:40:00,4,25,1,313.13,13.62,9625
4011,2019-09-11 21:50:00,5,25,1,315.12,16.02,9625
4011,2019-09-11 22:00:00,5,25,1,314.89,16.31,9625
4011,2019-09-11 22:10:00,5,25,1,314.15,15.88,9625
4011,2019-09-11 22:20:00,5,25,1,313.66,15.78,9625
4011,2019-09-11 22:30:00,5,25,1,313.66,16.08,9625
4011,2019-09-11 22:40:00,4,25,1,314.48,16.59,9625
4011,2019-09-11 22:50:00,5,25,1,313.09,16.33,9625
4011,2019-09-11 23:00:00,4,25,1,312.26,16.53,9625
4011,2019-09-11 23:10:00,5,25,1,312.73,16.63,9625
4011,2019-09-11 23:20:00,5,25,1,312.16,16.94,9625
4011,2019-09-11 23:30:00,5,25,1,311.88,16.53,9625
4011,2019-09-11 23:40:00,5,25,1,312.07,17.08,9625
4011,2019-09-11 23:50:00,5,25,1,311.65,16.55,9625
4011,2019-09-02 00:00:00,5,25,1,310.77,16.63,9625
4011,2019-09-02 00:10:00,4,25,1,310.27,15.22,9625
4011,2019-09-02 00:20:00,4,25,1,311.14,15.93,9625
4011,2019-09-02 00:30:00,5,25,1,310.18,15.99,9625
4011,2019-09-02 00:40:00,5,25,1,310.91,16.17,9625
4011,2019-09-02 00:50:00,5,25,1,310.55,16.09,9625
4011,2019-09-02 01:00:00,5,25,1,310.57,16.57,9625
4011,2019-09-02 01:10:00,5,25,1,310.93,16.37,9625
4011,2019-09-02 01:20:00,5,25,1,311.24,16.63,9625
4011,2019-09-02 01:30:00,5,25,1,309.92,15.86,9625
4011,2019-09-02 01:40:00,5,25,1,310.44,16.33,9625
4011,2019-09-02 01:50:00,4,25,1,310.27,16.59,9625
4011,2019-09-02 02:00:00,4,25,1,309.84,16.23,9625
4011,2019-09-02 02:10:00,5,25,1,309.48,15.99,9625
4011,2019-09-02 02:20:00,5,25,1,309.7,16.46,9625
4011,2019-09-02 02:30:00,5,25,1,309.52,16.37,9625
4011,2019-09-02 02:40:00,5,25,1,310.71,17.32,9625
4011,2019-09-02 02:50:00,4,25,1,310.39,17.05,9625
4011,2019-09-02 03:00:00,5,25,1,310.2,17.16,9625
4011,2019-09-02 03:10:00,5,25,1,309.58,17.23,9625
4011,2019-09-02 03:20:00,4,25,1,310,17.74,9625
4011,2019-09-02 03:30:00,5,25,1,309.52,16.22,9625
4011,2019-09-02 03:40:00,5,25,1,309.19,16.55,9625
4011,2019-09-02 03:50:00,5,25,1,308.5,16.11,9625
4011,2019-09-02 04:00:00,5,25,1,308.73,16.44,9625
4011,2019-09-02 04:10:00,4,25,1,308.42,16.34,9625
4011,2019-09-02 04:20:00,5,25,1,308.92,16.88,9625
4011,2019-09-02 04:30:00,5,25,1,309.03,15.89,9625
4011,2019-09-02 04:40:00,3,25,1,309.2,15.53,9625
4011,2019-09-02 04:50:00,5,25,1,308.79,15.8,9625
4011,2019-09-02 05:00:00,5,25,1,309.34,16.33,9625
4011,2019-09-02 05:10:00,5,25,1,308.68,16.02,9625
4011,2019-09-02 05:20:00,5,25,1,308.62,16.31,9625
4011,2019-09-02 05:30:00,5,25,1,308.64,15.45,9625
4011,2019-09-02 05:40:00,4,25,1,311,17.58,9625
4011,2019-09-02 05:50:00,5,25,1,312.85,19.17,9625
4011,2019-09-02 06:00:00,5,25,1,316.44,22.19,9625
4011,2019-09-02 06:10:00,5,25,1,316.46,22.08,9625
4011,2019-09-02 06:20:00,5,25,1,315.4,20.51,9625
4011,2019-09-02 06:30:00,5,25,1,318.29,22.23,9625
4011,2019-09-02 06:40:00,5,25,1,315.07,18.59,9625
4011,2019-09-02 06:50:00,4,25,1,311.44,14.51,9625
4011,2019-09-02 07:00:00,3,25,1,311,14.04,9625
4011,2019-09-02 07:10:00,5,25,1,313.82,16.2,9625
4011,2019-09-02 07:20:00,5,25,1,313.93,15.93,9625
4011,2019-09-02 07:30:00,5,25,1,312.74,14.28,9625
4011,2019-09-02 07:40:00,5,25,1,313.93,14.52,9625
4011,2019-09-02 07:50:00,3,25,1,313.81,14.43,9625
4011,2019-09-02 08:00:00,5,25,1,315.55,15,9625
4011,2019-09-02 08:10:00,5,25,1,317.08,16.68,9625
4011,2019-09-02 08:20:00,4,25,1,317.44,16.73,9625
4011,2019-09-02 08:30:00,5,25,1,318.38,16.61,9625
4011,2019-09-02 08:40:00,5,25,1,318.44,16,9625
4011,2019-09-02 08:50:00,5,25,1,317.93,15.33,9625
4011,2019-09-02 09:00:00,5,25,1,319.24,16.24,9625
4011,2019-09-02 09:10:00,5,25,1,318.77,15.51,9625
4011,2019-09-02 09:20:00,3,25,1,318.24,14.74,9625
4011,2019-09-02 09:30:00,5,25,1,318.71,14.41,9625
4011,2019-09-02 09:40:00,5,25,1,319.26,14.72,9625
4011,2019-09-02 09:50:00,5,25,1,320.07,15.16,9625
4011,2019-09-02 10:00:00,5,25,1,319.54,14.39,9625
4011,2019-09-02 10:10:00,5,25,1,320.6,15.22,9625
4011,2019-09-02 10:20:00,5,25,1,321.51,15.18,9625
4011,2019-09-02 10:30:00,3,25,1,322.39,15.5,9625
4011,2019-09-02 10:40:00,5,25,1,321.59,14.52,9625
4011,2019-09-02 10:50:00,5,25,1,322.39,15,9625
4011,2019-09-02 11:00:00,5,25,1,321.53,13.49,9625
4011,2019-09-02 11:10:00,5,25,1,322.65,13.35,9625
4011,2019-09-02 11:20:00,4,25,1,324.69,14.33,9625
4011,2019-09-02 11:30:00,4,25,1,326.43,14.14,9625
4011,2019-09-02 11:40:00,5,25,1,328.78,13.31,9625
4011,2019-09-02 11:50:00,5,25,1,333.8,16.52,9625
4011,2019-09-02 12:00:00,5,25,1,333.8,12.95,9625
4011,2019-09-02 12:10:00,5,25,1,336.9,12.4,9625
4011,2019-09-02 12:20:00,4,25,1,339.78,14.79,9625
4011,2019-09-02 12:30:00,2,25,1,340.85,10.89,9625
4011,2019-09-02 12:40:00,5,25,1,349.11,16.86,9625
4011,2019-09-02 12:50:00,5,25,1,347.94,13.55,9625
4011,2019-09-02 13:00:00,5,25,1,345.54,7.89,9625
4011,2019-09-02 13:10:00,5,25,1,354.13,13.64,9625
4011,2019-09-02 13:20:00,3,25,1,354.92,14.89,9625
4011,2019-09-02 13:30:00,5,25,1,354.64,11.22,9625
4011,2019-09-02 13:40:00,5,25,1,357.55,12.56,9625
4011,2019-09-02 13:50:00,5,25,1,349.48,7.49,9625
4011,2019-09-02 14:00:00,4,25,1,346.71,9.77,9625
4011,2019-09-02 14:10:00,5,25,1,344.29,9.58,9625
4011,2019-09-02 14:20:00,4,25,1,348.86,11.74,9625
4011,2019-09-02 14:30:00,4,25,1,355.06,16.32,9625
4011,2019-09-02 14:40:00,5,25,1,353.59,9.92,9625
4011,2019-09-02 14:50:00,5,25,1,364.51,16.48,9625
4011,2019-09-02 15:00:00,5,25,1,372.93,22.83,9625
4011,2019-09-02 15:10:00,5,25,1,360.72,8.22,9625
4011,2019-09-02 15:20:00,3,25,1,368.71,15.26,9625
4011,2019-09-02 15:30:00,5,25,1,363.7,11.04,9625
4011,2019-09-02 15:40:00,5,25,1,366.5,12.34,9625
4011,2019-09-02 15:50:00,5,25,1,358.83,9.19,9625
4011,2019-09-02 16:00:00,5,25,1,350.32,4.63,9625
4011,2019-09-02 16:10:00,4,25,1,342.02,4.07,9625
4011,2019-09-02 16:20:00,5,25,1,335.96,3.74,9625
4011,2019-09-02 16:30:00,4,25,1,333.09,5.91,9625
4011,2019-09-02 16:40:00,5,25,1,329.97,6.32,9625
4011,2019-09-02 16:50:00,5,25,1,328.53,7.58,9625
4011,2019-09-02 17:00:00,5,25,1,327.36,7.27,9625
4011,2019-09-02 17:10:00,5,25,1,326.88,8.09,9625
4011,2019-09-02 17:20:00,5,25,1,325.1,8.5,9625
4011,2019-09-02 17:30:00,5,25,1,324.11,8.92,9625
4011,2019-09-02 17:40:00,4,25,1,322.49,9.13,9625
4011,2019-09-02 17:50:00,4,25,1,321.44,9.59,9625
4011,2019-09-02 18:00:00,5,25,1,320.58,9.83,9625
4011,2019-09-02 18:10:00,5,25,1,319.56,10.78,9625
4011,2019-09-02 18:20:00,5,25,1,318.13,10.99,9625
4011,2019-09-02 18:30:00,5,25,1,317.47,11.21,9625
4011,2019-09-02 18:40:00,5,25,1,316.96,10.91,9625
4011,2019-09-02 18:50:00,5,25,1,315.62,11.35,9625
4011,2019-09-02 19:00:00,5,25,1,315.97,12.18,9625
4011,2019-09-02 19:10:00,4,25,1,314.32,11.74,9625
4011,2019-09-02 19:20:00,5,25,1,314.48,12.34,9625
4011,2019-09-02 19:30:00,3,25,1,314.18,13.09,9625
4011,2019-09-02 19:40:00,5,25,1,313.82,12.76,9625
4011,2019-09-02 19:50:00,5,25,1,314.06,13.31,9625
4011,2019-09-02 20:00:00,5,25,1,313.29,12.93,9625
4011,2019-09-02 20:10:00,5,25,1,313.04,13.66,9625
4011,2019-09-02 20:20:00,5,25,1,312.67,14.1,9625
4011,2019-09-02 20:30:00,4,25,1,311.94,13.8,9625
4011,2019-09-02 20:40:00,5,25,1,311.21,14.04,9625
4011,2019-09-02 20:50:00,4,25,1,311.55,14.1,9625
4011,2019-09-02 21:00:00,5,25,1,311.46,14.96,9625
4011,2019-09-02 21:10:00,5,25,1,310.86,14.47,9625
4011,2019-09-02 21:20:00,5,25,1,310.18,14.98,9625
4011,2019-09-02 21:30:00,5,25,1,310.62,15.86,9625
4011,2019-09-02 21:40:00,4,25,1,310.32,15.59,9625
4011,2019-09-02 21:50:00,5,25,1,310.82,15.91,9625
4011,2019-09-02 22:00:00,5,25,1,311.02,16.33,9625
4011,2019-09-02 22:10:00,5,25,1,310.97,16.85,9625
4011,2019-09-02 22:20:00,4,25,1,309.88,16.39,9625
4011,2019-09-02 22:30:00,5,25,1,310.49,16.09,9625
4011,2019-09-02 22:40:00,5,25,1,309.54,15.78,9625
4011,2019-09-02 22:50:00,5,25,1,310.13,16.08,9625
4011,2019-09-02 23:00:00,5,25,1,310.33,16.5,9625
4011,2019-09-02 23:10:00,4,25,1,309.95,16.46,9625
4011,2019-09-02 23:20:00,4,25,1,309.01,16.53,9625
4011,2019-09-02 23:30:00,5,25,1,309.74,16.48,9625
4011,2019-09-02 23:40:00,5,25,1,308.97,16.44,9625
4011,2019-09-02 23:50:00,5,25,1,308.92,15.97,9625
4011,2019-09-03 00:00:00,5,25,1,308.55,16.31,9625
4011,2019-09-03 00:10:00,5,25,1,309.12,16.59,9625
4011,2019-09-03 00:20:00,4,25,1,309.45,17.01,9625
4011,2019-09-03 00:30:00,5,25,1,309.14,16.86,9625
4011,2019-09-03 00:40:00,3,25,1,308.38,16.57,9625
4011,2019-09-03 00:50:00,5,25,1,307.82,16.02,9625
4011,2019-09-03 01:00:00,5,25,1,307.47,16.08,9625
4011,2019-09-03 01:10:00,5,25,1,306.87,15.64,9625
4011,2019-09-03 01:20:00,5,25,1,307.42,15.62,9625
4011,2019-09-03 01:30:00,5,25,1,306.88,15.18,9625
4011,2019-09-03 01:40:00,3,25,1,306.67,15.44,9625
4011,2019-09-03 01:50:00,5,25,1,306.88,15.47,9625
4011,2019-09-03 02:00:00,5,25,1,307.53,16.04,9625
4011,2019-09-03 02:10:00,5,25,1,303.61,11.48,9625
4011,2019-09-03 02:20:00,5,25,1,305.6,14.32,9625
4011,2019-09-03 02:30:00,4,25,1,306.31,14.08,9625
4011,2019-09-03 02:40:00,5,25,1,307.75,15.16,9625
4011,2019-09-03 02:50:00,3,25,1,306.7,14.86,9625
4011,2019-09-03 03:00:00,5,25,1,307.97,15.64,9625
4011,2019-09-03 03:10:00,5,25,1,307.87,15.05,9625
4011,2019-09-03 03:20:00,5,25,1,308.11,15.64,9625
4011,2019-09-03 03:30:00,5,25,1,307.34,15.12,9625
4011,2019-09-03 03:40:00,4,25,1,308.46,15.91,9625
4011,2019-09-03 03:50:00,5,25,1,308.53,15.84,9625
4011,2019-09-03 04:00:00,5,25,1,307.98,15.91,9625
4011,2019-09-03 04:10:00,5,25,1,308.7,15.84,9625
4011,2019-09-03 04:20:00,4,25,1,309.38,16.8,9625
4011,2019-09-03 04:30:00,5,25,1,309.3,15.97,9625
4011,2019-09-03 04:40:00,5,25,1,309.69,16.64,9625
4011,2019-09-03 04:50:00,5,25,1,308.68,16.09,9625
4011,2019-09-03 05:00:00,3,25,1,308.5,15.84,9625
4011,2019-09-03 05:10:00,5,25,1,308.35,15.38,9625
4011,2019-09-03 05:20:00,5,25,1,308.5,16.26,9625
4011,2019-09-03 05:30:00,5,25,1,309.05,15.66,9625
4011,2019-09-03 05:40:00,5,25,1,308.2,14.92,9625
4011,2019-09-03 05:50:00,5,25,1,308.84,16.24,9625
4011,2019-09-03 06:00:00,3,25,1,307.1,13.21,9625
4011,2019-09-03 06:10:00,5,25,1,307.54,14.61,9625
4011,2019-09-03 06:20:00,5,25,1,308.95,16.15,9625
4011,2019-09-03 06:30:00,5,25,1,309.98,15.95,9625
4011,2019-09-03 06:40:00,4,25,1,310.73,16.71,9625
4011,2019-09-03 06:50:00,5,25,1,310.44,16.77,9625
4011,2019-09-03 07:00:00,5,25,1,311.11,16.17,9625
4011,2019-09-03 07:10:00,5,25,1,311.41,16.28,9625
4011,2019-09-03 07:20:00,5,25,1,310.93,16.04,9625
4011,2019-09-03 07:30:00,5,25,1,311.66,16.7,9625
4011,2019-09-03 07:40:00,5,25,1,310.78,15.51,9625
4011,2019-09-03 07:50:00,5,25,1,311.87,15.67,9625
4011,2019-09-03 08:00:00,4,25,1,312.08,16.23,9625
4011,2019-09-03 08:10:00,5,25,1,312.78,16.7,9625
4011,2019-09-03 08:20:00,5,25,1,312.14,15.01,9625
4011,2019-09-03 08:30:00,4,25,1,313.98,16.53,9625
4011,2019-09-03 08:40:00,5,25,1,314.41,16.42,9625
4011,2019-09-03 08:50:00,5,25,1,314.69,16.04,9625
4011,2019-09-03 09:00:00,5,25,1,315.34,16.88,9625
4011,2019-09-03 09:10:00,5,25,1,314.67,15.12,9625
4011,2019-09-03 09:20:00,5,25,1,316.39,15.82,9625
4011,2019-09-03 09:30:00,3,25,1,314.67,14.77,9625
4011,2019-09-03 09:40:00,4,25,1,316.34,15.47,9625
4011,2019-09-03 09:50:00,5,25,1,316.75,14.37,9625
4011,2019-09-03 10:00:00,5,25,1,318.27,16.39,9625
4011,2019-09-03 10:10:00,5,25,1,317.49,14.7,9625
4011,2019-09-03 10:20:00,5,25,1,317.5,14.74,9625
4011,2019-09-03 10:30:00,2,25,1,317.23,14.42,9625
4011,2019-09-03 10:40:00,5,25,1,317.71,14.7,9625
4011,2019-09-03 10:50:00,5,25,1,317.71,13.66,9625
4011,2019-09-03 11:00:00,4,25,1,319.02,14.14,9625
4011,2019-09-03 11:10:00,5,25,1,318.2,13.07,9625
4011,2019-09-03 11:20:00,5,25,1,319.35,13.33,9625
4011,2019-09-03 11:30:00,5,25,1,321.48,14.36,9625
4011,2019-09-03 11:40:00,5,25,1,323.69,15.38,9625
4011,2019-09-03 11:50:00,3,25,1,327.12,15.84,9625
4011,2019-09-03 12:00:00,5,25,1,327.65,13.71,9625
4011,2019-09-03 12:10:00,5,25,1,328.69,12.71,9625
4011,2019-09-03 12:20:00,5,25,1,329.06,12.14,9625
4011,2019-09-03 12:30:00,4,25,1,328.9,11.51,9625
4011,2019-09-03 12:40:00,4,25,1,328.03,10.3,9625
4011,2019-09-03 12:50:00,5,25,1,327.5,9.05,9625
4011,2019-09-03 13:00:00,5,25,1,327.41,9.06,9625
4011,2019-09-03 13:10:00,5,25,1,331.24,13.62,9625
4011,2019-09-03 13:20:00,5,25,1,329.48,12.8,9625
4011,2019-09-03 13:30:00,4,25,1,334.19,15.15,9625
4011,2019-09-03 13:40:00,4,25,1,329.27,8.95,9625
4011,2019-09-03 13:50:00,4,25,1,336.91,10.35,9625
4011,2019-09-03 14:00:00,5,25,1,338.47,11.88,9625
4011,2019-09-03 14:10:00,5,25,1,350.63,16.72,9625
4011,2019-09-03 14:20:00,5,25,1,357.9,24.17,9625
4011,2019-09-03 14:30:00,5,25,1,350.94,15,9625
4011,2019-09-03 14:40:00,4,25,1,347.31,9.64,9625
4011,2019-09-03 14:50:00,4,25,1,345.29,7.48,9625
4011,2019-09-03 15:00:00,5,25,1,340.21,4.45,9625
4011,2019-09-03 15:10:00,5,25,1,361.83,26.75,9625
4011,2019-09-03 15:20:00,5,25,1,353.34,21.09,9625
4011,2019-09-03 15:30:00,3,25,1,347.66,13.55,9625
4011,2019-09-03 15:40:00,5,25,1,340.34,6.72,9625
4011,2019-09-03 15:50:00,5,25,1,351.36,19.26,9625
4011,2019-09-03 16:00:00,5,25,1,343.65,10.89,9625
4011,2019-09-03 16:10:00,5,25,1,341.09,8.77,9625
4011,2019-09-03 16:20:00,4,25,1,349,18.63,9625
4011,2019-09-03 16:30:00,4,25,1,333.5,5.22,9625
4011,2019-09-03 16:40:00,5,25,1,334.15,10.8,9625
4011,2019-09-03 16:50:00,5,25,1,329.64,9.38,9625
4011,2019-09-03 17:00:00,5,25,1,327.28,10.75,9625
4011,2019-09-03 17:10:00,5,25,1,323.13,8.68,9625
4011,2019-09-03 17:20:00,3,25,1,327.12,13.76,9625
4011,2019-09-03 17:30:00,5,25,1,322.5,10.35,9625
4011,2019-09-03 17:40:00,5,25,1,317.82,8.07,9625
4011,2019-09-03 17:50:00,5,25,1,315.77,7.29,9625
4011,2019-09-03 18:00:00,5,25,1,315.4,8.77,9625
4011,2019-09-03 18:10:00,5,25,1,315.97,9.74,9625
4011,2019-09-03 18:20:00,5,25,1,311.81,8.04,9625
4011,2019-09-03 18:30:00,3,25,1,312.9,8.48,9625
4011,2019-09-03 18:40:00,5,25,1,310.57,7.82,9625
4011,2019-09-03 18:50:00,5,25,1,309.63,8.64,9625
4011,2019-09-03 19:00:00,5,25,1,309.23,7.89,9625
4011,2019-09-03 19:10:00,5,25,1,308.5,8.35,9625
4011,2019-09-03 19:20:00,5,25,1,307.86,8.18,9625
4011,2019-09-03 19:30:00,5,25,1,307.95,8.77,9625
4011,2019-09-03 19:40:00,5,25,1,307.76,8.83,9625
4011,2019-09-03 19:50:00,5,25,1,307.12,9.34,9625
4011,2019-09-03 20:00:00,3,25,1,307.28,9.74,9625
4011,2019-09-03 20:10:00,5,25,1,307.12,10.05,9625
4011,2019-09-03 20:20:00,5,25,1,307.16,11.08,9625
4011,2019-09-03 20:30:00,5,25,1,307.51,11.35,9625
4011,2019-09-03 20:40:00,5,25,1,306.83,11,9625
4011,2019-09-03 20:50:00,4,25,1,306.13,11.42,9625
4011,2019-09-03 21:00:00,4,25,1,305.76,11.17,9625
4011,2019-09-03 21:10:00,5,25,1,306.45,11.79,9625
4011,2019-09-03 21:20:00,5,25,1,306.39,11.74,9625
4011,2019-09-03 21:30:00,5,25,1,305.57,11.66,9625
4011,2019-09-03 21:40:00,5,25,1,305.2,11.96,9625
4011,2019-09-03 21:50:00,3,25,1,305.51,11.81,9625
4011,2019-09-03 22:00:00,5,25,1,305.13,12.12,9625
4011,2019-09-03 22:10:00,5,25,1,304.83,11.99,9625
4011,2019-09-03 22:20:00,5,25,1,304.61,12.12,9625
4011,2019-09-03 22:30:00,5,25,1,304.49,12.05,9625
4011,2019-09-03 22:40:00,5,25,1,304.23,12.4,9625
4011,2019-09-03 22:50:00,4,25,1,304.41,13.28,9625
4011,2019-09-03 23:00:00,5,25,1,304.76,13.49,9625
4011,2019-09-03 23:10:00,5,25,1,305.18,13.42,9625
4011,2019-09-03 23:20:00,4,25,1,303.77,13.07,9625
4011,2019-09-03 23:30:00,5,25,1,304.47,13.53,9625
4011,2019-09-03 23:40:00,5,25,1,304.72,13.82,9625
4011,2019-09-03 23:50:00,5,25,1,304.23,13.77,9625
4011,2019-09-14 00:00:00,5,25,1,304.06,13.88,9625
4011,2019-09-14 00:10:00,5,25,1,303.77,13.95,9625
4011,2019-09-14 00:20:00,5,25,1,303.79,14.12,9625
4011,2019-09-14 00:30:00,4,25,1,304.18,14.12,9625
4011,2019-09-14 00:40:00,5,25,1,304.38,14.34,9625
4011,2019-09-14 00:50:00,5,25,1,303.88,14.14,9625
4011,2019-09-14 01:00:00,4,25,1,303.54,14.69,9625
4011,2019-09-14 01:10:00,5,25,1,303.37,14.23,9625
4011,2019-09-14 01:20:00,5,25,1,303.66,14.28,9625
4011,2019-09-14 01:30:00,5,25,1,303.39,14.23,9625
4011,2019-09-14 01:40:00,5,25,1,303.81,14.14,9625
4011,2019-09-14 01:50:00,3,25,1,303.04,13.52,9625
4011,2019-09-14 02:00:00,5,25,1,302.33,13.66,9625
4011,2019-09-14 02:10:00,5,25,1,302.01,13.44,9625
4011,2019-09-14 02:20:00,5,25,1,302.07,12.98,9625
4011,2019-09-14 02:30:00,5,25,1,301.96,13,9625
4011,2019-09-14 02:40:00,5,25,1,301.12,13.26,9625
4011,2019-09-14 02:50:00,5,25,1,301.74,12.89,9625
4011,2019-09-14 03:00:00,4,25,1,301.19,13,9625
4011,2019-09-14 03:10:00,5,25,1,301.57,13.24,9625
4011,2019-09-14 03:20:00,5,25,1,303.48,15.45,9625
4011,2019-09-14 03:30:00,4,25,1,304.89,16.41,9625
4011,2019-09-14 03:40:00,5,25,1,307.51,19.19,9625
4011,2019-09-14 03:50:00,5,25,1,307.12,19.1,9625
4011,2019-09-14 04:00:00,5,25,1,308.31,19.43,9625
4011,2019-09-14 04:10:00,5,25,1,308.11,20,9625
4011,2019-09-14 04:20:00,5,25,1,307.1,19.3,9625
4011,2019-09-14 04:30:00,4,25,1,308.03,20.55,9625
4011,2019-09-14 04:40:00,4,25,1,305.1,17.3,9625
4011,2019-09-14 04:50:00,5,25,1,304.01,16.04,9625
4011,2019-09-14 05:00:00,5,25,1,304.96,16.85,9625
4011,2019-09-14 05:10:00,5,25,1,303.88,15.82,9625
4011,2019-09-14 05:20:00,5,25,1,305.44,17.07,9625
4011,2019-09-14 05:30:00,3,25,1,306.34,17.21,9625
4011,2019-09-14 05:40:00,5,25,1,308.04,19.96,9625
4011,2019-09-14 05:50:00,5,25,1,311.3,22.56,9625
4011,2019-09-14 06:00:00,5,25,1,312.56,23.9,9625
4011,2019-09-14 06:10:00,5,25,1,313.62,24.32,9625
4011,2019-09-14 06:20:00,5,25,1,312.78,23.07,9625
4011,2019-09-14 06:30:00,5,25,1,311.63,22.06,9625
4011,2019-09-14 06:40:00,4,25,1,311.33,20.9,9625
4011,2019-09-14 06:50:00,5,25,1,308.37,18.33,9625
4011,2019-09-14 07:00:00,5,25,1,306.04,15.89,9625
4011,2019-09-14 07:10:00,4,25,1,305.83,15.34,9625
4011,2019-09-14 07:20:00,5,25,1,306.24,15.45,9625
4011,2019-09-14 07:30:00,5,25,1,306.65,14.94,9625
4011,2019-09-14 07:40:00,5,25,1,307.58,15.51,9625
4011,2019-09-14 07:50:00,5,25,1,307.05,14.45,9625
4011,2019-09-14 08:00:00,4,25,1,307.89,15.5,9625
4011,2019-09-14 08:10:00,4,25,1,308.44,15.06,9625
4011,2019-09-14 08:20:00,4,25,1,308.33,14.42,9625
4011,2019-09-14 08:30:00,5,25,1,308.35,14.47,9625
4011,2019-09-14 08:40:00,5,25,1,308.55,13.62,9625
4011,2019-09-14 08:50:00,5,25,1,309.08,14.21,9625
4011,2019-09-14 09:00:00,5,25,1,308.66,13.48,9625
4011,2019-09-14 09:10:00,3,25,1,309.42,14.25,9625
4011,2019-09-14 09:20:00,5,25,1,309.17,13.33,9625
4011,2019-09-14 09:30:00,5,25,1,308.84,12.25,9625
4011,2019-09-14 09:40:00,5,25,1,309.27,11.77,9625
4011,2019-09-14 09:50:00,5,25,1,308.81,12.05,9625
4011,2019-09-14 10:00:00,3,25,1,307.5,9.95,9625
4011,2019-09-14 10:10:00,5,25,1,307.56,9.3,9625
4011,2019-09-14 10:20:00,5,25,1,312.3,13.02,9625
4011,2019-09-14 10:30:00,5,25,1,309.85,10.35,9625
4011,2019-09-14 10:40:00,4,25,1,308.42,8.83,9625
4011,2019-09-14 10:50:00,3,25,1,312.19,11.72,9625
4011,2019-09-14 11:00:00,5,25,1,312.58,11.5,9625
4011,2019-09-14 11:10:00,5,25,1,311.92,9.91,9625
4011,2019-09-14 11:20:00,5,25,1,312.91,9.16,9625
4011,2019-09-14 11:30:00,5,25,1,316.39,10.58,9625
4011,2019-09-14 11:40:00,3,25,1,321.5,13.85,9625
4011,2019-09-14 11:50:00,5,25,1,317.41,7.8,9625
4011,2019-09-14 12:00:00,5,25,1,323.18,11.46,9625
4011,2019-09-14 12:10:00,5,25,1,322.41,8.02,9625
4011,2019-09-14 12:20:00,5,25,1,323.93,6.34,9625
4011,2019-09-14 12:30:00,4,25,1,323.09,1.92,9625
4011,2019-09-14 12:40:00,5,25,1,328.66,4.67,9625
4011,2019-09-14 12:50:00,4,25,1,337.99,14.05,9625
4011,2019-09-14 13:00:00,5,25,1,330.36,1.57,9625
4011,2019-09-14 13:10:00,5,25,1,335.74,3.59,9625
4011,2019-09-14 13:20:00,5,25,1,338.75,7.36,9625
4011,2019-09-14 13:30:00,5,25,1,352.9,16.26,9625
4011,2019-09-14 13:40:00,3,25,1,356.57,17.09,9625
4011,2019-09-14 13:50:00,4,25,1,343.28,0.8,9625
4011,2019-09-14 14:00:00,5,25,1,348.21,3.96,9625
4011,2019-09-14 14:10:00,5,25,1,345.98,1.15,9625
4011,2019-09-14 14:20:00,5,25,1,355.48,9.05,9625
4011,2019-09-14 14:30:00,5,25,1,347.86,-1.85,9625
4011,2019-09-14 14:40:00,5,25,1,350.19,0.95,9625
4011,2019-09-14 14:50:00,4,25,1,349.37,-3.64,9625
4011,2019-09-14 15:00:00,3,25,1,350.59,-3.23,9625
4011,2019-09-14 15:10:00,4,25,1,362.92,9.89,9625
4011,2019-09-14 15:20:00,5,25,1,353.92,1.35,9625
4011,2019-09-14 15:30:00,5,25,1,347.61,-3.13,9625
4011,2019-09-14 15:40:00,5,25,1,353.56,2.51,9625
4011,2019-09-14 15:50:00,4,25,1,349.96,0.69,9625
4011,2019-09-14 16:00:00,4,25,1,349.23,0.34,9625
4011,2019-09-14 16:10:00,5,25,1,345.94,-2.25,9625
4011,2019-09-14 16:20:00,4,25,1,342.89,-0.87,9625
4011,2019-09-14 16:30:00,5,25,1,345.9,5.49,9625
4011,2019-09-14 16:40:00,5,25,1,334.63,2.4,9625
4011,2019-09-14 16:50:00,5,25,1,323.18,-4.74,9625
4011,2019-09-14 17:00:00,5,25,1,327.63,4.21,9625
4011,2019-09-14 17:10:00,5,25,1,324.33,3.88,9625
4011,2019-09-14 17:20:00,3,25,1,313.29,-3.48,9625
4011,2019-09-14 17:30:00,5,25,1,312.3,-2.09,9625
4011,2019-09-14 17:40:00,5,25,1,310.05,-1.23,9625
4011,2019-09-14 17:50:00,4,25,1,308.53,-1.01,9625
4011,2019-09-14 18:00:00,4,25,1,306.18,-0.05,9625
4011,2019-09-14 18:10:00,5,25,1,304.98,0.24,9625
4011,2019-09-14 18:20:00,5,25,1,304.03,1.03,9625
4011,2019-09-14 18:30:00,5,25,1,303.59,1.94,9625
4011,2019-09-14 18:40:00,5,25,1,303.46,3.72,9625
4011,2019-09-14 18:50:00,5,25,1,302.58,3.81,9625
4011,2019-09-14 19:00:00,3,25,1,302.8,4.21,9625
4011,2019-09-14 19:10:00,5,25,1,302.23,5.27,9625
4011,2019-09-14 19:20:00,5,25,1,302,5.26,9625
4011,2019-09-14 19:30:00,5,25,1,302.75,5.9,9625
4011,2019-09-14 19:40:00,5,25,1,301.61,6.41,9625
4011,2019-09-14 19:50:00,5,25,1,301.08,6.68,9625
4011,2019-09-14 20:00:00,5,25,1,301.57,7.47,9625
4011,2019-09-14 20:10:00,4,25,1,300.75,6.48,9625
4011,2019-09-14 20:20:00,4,25,1,300.84,6.91,9625
4011,2019-09-14 20:30:00,3,25,1,301.97,8.21,9625
4011,2019-09-14 20:40:00,5,25,1,300.84,8.33,9625
4011,2019-09-14 20:50:00,5,25,1,301.79,8.79,9625
4011,2019-09-14 21:00:00,4,25,1,301.32,8.72,9625
4011,2019-09-14 21:10:00,5,25,1,301.23,9.45,9625
4011,2019-09-14 21:20:00,5,25,1,301.54,9.59,9625
4011,2019-09-14 21:30:00,5,25,1,302.11,10.88,9625
4011,2019-09-14 21:40:00,4,25,1,303.02,11.03,9625
4011,2019-09-14 21:50:00,4,25,1,302.22,11.88,9625
4011,2019-09-14 22:00:00,5,25,1,302.16,11.68,9625
4011,2019-09-14 22:10:00,5,25,1,302.47,11.77,9625
4011,2019-09-14 22:20:00,5,25,1,303.44,12.65,9625
4011,2019-09-14 22:30:00,5,25,1,302.87,12.84,9625
4011,2019-09-14 22:40:00,5,25,1,302.42,12.1,9625
4011,2019-09-14 22:50:00,4,25,1,302.33,12.45,9625
4011,2019-09-14 23:00:00,5,25,1,302.27,12.58,9625
4011,2019-09-14 23:10:00,5,25,1,302.62,12.89,9625
4011,2019-09-14 23:20:00,4,25,1,302.38,13.14,9625
4011,2019-09-14 23:30:00,5,25,1,301.25,13.13,9625
4011,2019-09-14 23:40:00,5,25,1,301.04,13.02,9625
4011,2019-09-14 23:50:00,5,25,1,302.07,12.85,9625
4011,2019-09-05 00:00:00,5,25,1,301.17,13.02,9625
4011,2019-09-05 00:10:00,5,25,1,301.26,12.1,9625
4011,2019-09-05 00:20:00,5,25,1,301.21,12.69,9625
4011,2019-09-05 00:30:00,5,25,1,301.43,12.73,9625
4011,2019-09-05 00:40:00,4,25,1,300.57,11.67,9625
4011,2019-09-05 00:50:00,4,25,1,299.19,11.31,9625
4011,2019-09-05 01:00:00,5,25,1,300.51,11.85,9625
4011,2019-09-05 01:10:00,5,25,1,300.79,12.18,9625
4011,2019-09-05 01:20:00,5,25,1,300.64,12.38,9625
4011,2019-09-05 01:30:00,5,25,1,300.11,11.92,9625
4011,2019-09-05 01:40:00,4,25,1,299.13,11.22,9625
4011,2019-09-05 01:50:00,4,25,1,300.25,11.63,9625
4011,2019-09-05 02:00:00,5,25,1,298.75,10.16,9625
4011,2019-09-05 02:10:00,5,25,1,301.46,12.52,9625
4011,2019-09-05 02:20:00,5,25,1,299.84,10.88,9625
4011,2019-09-05 02:30:00,5,25,1,299.29,11.26,9625
4011,2019-09-05 02:40:00,3,25,1,300.78,11.57,9625
4011,2019-09-05 02:50:00,5,25,1,299.89,11.11,9625
4011,2019-09-05 03:00:00,5,25,1,301.28,12.47,9625
4011,2019-09-05 03:10:00,5,25,1,300.24,12.25,9625
4011,2019-09-05 03:20:00,5,25,1,301.3,12.41,9625
4011,2019-09-05 03:30:00,5,25,1,301.67,12.73,9625
4011,2019-09-05 03:40:00,3,25,1,300.87,12.76,9625
4011,2019-09-05 03:50:00,5,25,1,300.51,12.62,9625
4011,2019-09-05 04:00:00,5,25,1,300.57,12.32,9625
4011,2019-09-05 04:10:00,5,25,1,300.35,12.36,9625
4011,2019-09-05 04:20:00,5,25,1,300.77,12.27,9625
4011,2019-09-05 04:30:00,5,25,1,299.71,12.27,9625
4011,2019-09-05 04:40:00,4,25,1,299.7,12.27,9625
4011,2019-09-05 04:50:00,4,25,1,300,12.38,9625
4011,2019-09-05 05:00:00,5,25,1,300.44,13.2,9625
4011,2019-09-05 05:10:00,5,25,1,300.68,13.57,9625
4011,2019-09-05 05:20:00,5,25,1,301.72,13.84,9625
4011,2019-09-05 05:30:00,3,25,1,301.67,14.01,9625
4011,2019-09-05 05:40:00,5,25,1,302.18,14.43,9625
4011,2019-09-05 05:50:00,5,25,1,303.2,14.96,9625
4011,2019-09-05 06:00:00,5,25,1,304.8,16.13,9625
4011,2019-09-05 06:10:00,5,25,1,305.02,16.35,9625
4011,2019-09-05 06:20:00,4,25,1,308.1,18.84,9625
4011,2019-09-05 06:30:00,5,25,1,310.14,21.51,9625
4011,2019-09-05 06:40:00,5,25,1,310.14,20.76,9625
4011,2019-09-05 06:50:00,5,25,1,312.1,22.06,9625
4011,2019-09-05 07:00:00,5,25,1,311.74,21.3,9625
4011,2019-09-05 07:10:00,5,25,1,311.39,21.2,9625
4011,2019-09-05 07:20:00,5,25,1,310.2,19.08,9625
4011,2019-09-05 07:30:00,3,25,1,309.48,18.13,9625
4011,2019-09-05 07:40:00,5,25,1,309.94,18.53,9625
4011,2019-09-05 07:50:00,5,25,1,310.8,18.95,9625
4011,2019-09-05 08:00:00,4,25,1,310.36,17.4,9625
4011,2019-09-05 08:10:00,5,25,1,309.54,16.86,9625
4011,2019-09-05 08:20:00,3,25,1,311.07,17.21,9625
4011,2019-09-05 08:30:00,5,25,1,310.77,17.4,9625
4011,2019-09-05 08:40:00,5,25,1,310.36,16.02,9625
4011,2019-09-05 08:50:00,5,25,1,310.97,16.17,9625
4011,2019-09-05 09:00:00,5,25,1,309.59,14.48,9625
4011,2019-09-05 09:10:00,3,25,1,309.05,14.25,9625
4011,2019-09-05 09:20:00,5,25,1,307.47,11.76,9625
4011,2019-09-05 09:30:00,5,25,1,308.09,11.54,9625
4011,2019-09-05 09:40:00,5,25,1,308.22,10.95,9625
4011,2019-09-05 09:50:00,4,25,1,306.47,9.29,9625
4011,2019-09-05 10:00:00,4,25,1,306.61,8.9,9625
4011,2019-09-05 10:10:00,5,25,1,307.58,8.77,9625
4011,2019-09-05 10:20:00,5,25,1,309.58,10.29,9625
4011,2019-09-05 10:30:00,5,25,1,310.89,10.51,9625
4011,2019-09-05 10:40:00,4,25,1,308.69,8.42,9625
4011,2019-09-05 10:50:00,4,25,1,308.97,7.42,9625
4011,2019-09-05 11:00:00,5,25,1,312.74,9.83,9625
4011,2019-09-05 11:10:00,5,25,1,310.91,7.78,9625
4011,2019-09-05 11:20:00,5,25,1,311.88,7.29,9625
4011,2019-09-05 11:30:00,5,25,1,317.18,10.91,9625
4011,2019-09-05 11:40:00,3,25,1,319.21,8.45,9625
4011,2019-09-05 11:50:00,5,25,1,317.27,5.69,9625
4011,2019-09-05 12:00:00,5,25,1,324.26,10.77,9625
4011,2019-09-05 12:10:00,5,25,1,336.31,19.98,9625
4011,2019-09-05 12:20:00,5,25,1,335.39,13.28,9625
4011,2019-09-05 12:30:00,5,25,1,334.64,10.25,9625
4011,2019-09-05 12:40:00,4,25,1,332.27,5.36,9625
4011,2019-09-05 12:50:00,4,25,1,330.55,0.94,9625
4011,2019-09-05 13:00:00,5,25,1,346.58,11.48,9625
4011,2019-09-05 13:10:00,5,25,1,346.45,12.4,9625
4011,2019-09-05 13:20:00,5,25,1,346.29,11.11,9625
4011,2019-09-05 13:30:00,5,25,1,355.32,13.71,9625
4011,2019-09-05 13:40:00,4,25,1,347.28,3.14,9625
4011,2019-09-05 13:50:00,4,25,1,372.16,26.07,9625
4011,2019-09-05 14:00:00,5,25,1,351.29,4.21,9625
4011,2019-09-05 14:10:00,5,25,1,360.55,13.28,9625
4011,2019-09-05 14:20:00,5,25,1,363.68,15.16,9625
4011,2019-09-05 14:30:00,5,25,1,357.99,5.79,9625
4011,2019-09-05 14:40:00,4,25,1,364.15,9.2,9625
4011,2019-09-05 14:50:00,4,25,1,354.72,0.32,9625
4011,2019-09-05 15:00:00,5,25,1,363.85,11.43,9625
4011,2019-09-05 15:10:00,5,25,1,337.3,-3.15,9625
4011,2019-09-05 15:20:00,5,25,1,336.07,1.04,9625
4011,2019-09-05 15:30:00,4,25,1,346.71,9.38,9625
4011,2019-09-05 15:40:00,5,25,1,347.72,11.57,9625
4011,2019-09-05 15:50:00,5,25,1,331.81,-1.9,9625
4011,2019-09-05 16:00:00,4,25,1,327.19,-2.17,9625
4011,2019-09-05 16:10:00,5,25,1,337.02,8.17,9625
4011,2019-09-05 16:20:00,5,25,1,331.9,3.96,9625
4011,2019-09-05 16:30:00,5,25,1,326.93,2.8,9625
4011,2019-09-05 16:40:00,4,25,1,329.96,7.46,9625
4011,2019-09-05 16:50:00,5,25,1,327.89,8.48,9625
4011,2019-09-05 17:00:00,5,25,1,315.49,-1.96,9625
4011,2019-09-05 17:10:00,4,25,1,317.21,0.87,9625
4011,2019-09-05 17:20:00,5,25,1,319.89,3.81,9625
4011,2019-09-05 17:30:00,5,25,1,318.9,5.26,9625
4011,2019-09-05 17:40:00,5,25,1,316.86,5.24,9625
4011,2019-09-05 17:50:00,4,25,1,313.11,3.04,9625
4011,2019-09-05 18:00:00,5,25,1,310.05,0.95,9625
4011,2019-09-05 18:10:00,4,25,1,314.37,7.28,9625
4011,2019-09-05 18:20:00,5,25,1,312.41,5.64,9625
4011,2019-09-05 18:30:00,5,25,1,311.1,5.73,9625
4011,2019-09-05 18:40:00,5,25,1,310.16,5.18,9625
4011,2019-09-05 18:50:00,4,25,1,310.98,7.05,9625
4011,2019-09-05 19:00:00,5,25,1,310.03,7.05,9625
4011,2019-09-05 19:10:00,3,25,1,308.99,6.87,9625
4011,2019-09-05 19:20:00,5,25,1,309.7,7.82,9625
4011,2019-09-05 19:30:00,5,25,1,309.01,8.53,9625
4011,2019-09-05 19:40:00,5,25,1,309.32,9.08,9625
4011,2019-09-05 19:50:00,5,25,1,308.79,9.06,9625
4011,2019-09-05 20:00:00,4,25,1,308.51,8.51,9625
4011,2019-09-05 20:10:00,3,25,1,309.11,9.7,9625
4011,2019-09-05 20:20:00,5,25,1,308.2,9.25,9625
4011,2019-09-05 20:30:00,5,25,1,308.95,9.47,9625
4011,2019-09-05 20:40:00,5,25,1,308.59,9.7,9625
4011,2019-09-05 20:50:00,5,25,1,308.94,10.64,9625
4011,2019-09-05 21:00:00,3,25,1,308.9,10.65,9625
4011,2019-09-05 21:10:00,5,25,1,307.71,11.33,9625
4011,2019-09-05 21:20:00,5,25,1,309.85,11.15,9625
4011,2019-09-05 21:30:00,5,25,1,308.26,11.24,9625
4011,2019-09-05 21:40:00,5,25,1,309.87,12.34,9625
4011,2019-09-05 21:50:00,5,25,1,309.69,12.73,9625
4011,2019-09-05 22:00:00,5,25,1,309.96,13.26,9625
4011,2019-09-05 22:10:00,5,25,1,310.38,14.96,9625
4011,2019-09-05 22:20:00,4,25,1,309.91,15.93,9625
4011,2019-09-05 22:30:00,4,25,1,308.56,14.65,9625
4011,2019-09-05 22:40:00,5,25,1,305.02,10.47,9625
4011,2019-09-05 22:50:00,5,25,1,308.61,16.17,9625
4011,2019-09-05 23:00:00,5,25,1,307.75,15.16,9625
4011,2019-09-05 23:10:00,5,25,1,306.76,14.28,9625
4011,2019-09-05 23:20:00,5,25,1,306.99,15.01,9625
4011,2019-09-05 23:30:00,4,25,1,307.14,15.29,9625
4011,2019-09-05 23:40:00,4,25,1,305.15,13.44,9625
4011,2019-09-05 23:50:00,5,25,1,306.23,14.45,9625
4011,2019-09-06 00:00:00,5,25,1,304.83,13.28,9625
4011,2019-09-06 00:10:00,5,25,1,301.26,10.82,9625
4011,2019-09-06 00:20:00,5,25,1,305.11,14.12,9625
4011,2019-09-06 00:30:00,3,25,1,306.64,15.93,9625
4011,2019-09-06 00:40:00,5,25,1,301.63,10.55,9625
4011,2019-09-06 00:50:00,5,25,1,300.11,10.53,9625
4011,2019-09-06 01:00:00,5,25,1,302.22,11.5,9625
4011,2019-09-06 01:10:00,5,25,1,303.2,13.79,9625
4011,2019-09-06 01:20:00,3,25,1,300.81,9.89,9625
4011,2019-09-06 01:30:00,5,25,1,301.9,12.89,9625
4011,2019-09-06 01:40:00,5,25,1,302.51,12.71,9625
4011,2019-09-06 01:50:00,4,25,1,303.63,14.01,9625
4011,2019-09-06 02:00:00,5,25,1,302.4,13.33,9625
4011,2019-09-06 02:10:00,5,25,1,302.69,12.98,9625
4011,2019-09-06 02:20:00,5,25,1,300.53,11.85,9625
4011,2019-09-06 02:30:00,5,25,1,299.58,10.6,9625
4011,2019-09-06 02:40:00,4,25,1,301.32,13.69,9625
4011,2019-09-06 02:50:00,4,25,1,301.83,13.09,9625
4011,2019-09-06 03:00:00,5,25,1,301.39,12.91,9625
4011,2019-09-06 03:10:00,5,25,1,301.08,12.38,9625
4011,2019-09-06 03:20:00,5,25,1,299.56,11.19,9625
4011,2019-09-06 03:30:00,5,25,1,300.44,12.74,9625
4011,2019-09-06 03:40:00,4,25,1,301.85,13.44,9625
4011,2019-09-06 03:50:00,4,25,1,301.69,13.21,9625
4011,2019-09-06 04:00:00,3,25,1,299.99,11.35,9625
4011,2019-09-06 04:10:00,5,25,1,299.18,11.04,9625
4011,2019-09-06 04:20:00,5,25,1,300.31,11.52,9625
4011,2019-09-06 04:30:00,5,25,1,299.74,12.52,9625
4011,2019-09-06 04:40:00,4,25,1,296.75,7.85,9625
4011,2019-09-06 04:50:00,5,25,1,296.06,8.33,9625
4011,2019-09-06 05:00:00,5,25,1,296.56,8.48,9625
4011,2019-09-06 05:10:00,5,25,1,298.06,10.53,9625
4011,2019-09-06 05:20:00,5,25,1,299.03,10.11,9625
4011,2019-09-06 05:30:00,5,25,1,298.96,10.27,9625
4011,2019-09-06 05:40:00,3,25,1,295.65,7.05,9625
4011,2019-09-06 05:50:00,5,25,1,298.79,10.29,9625
4011,2019-09-06 06:00:00,5,25,1,296.61,9.67,9625
4011,2019-09-06 06:10:00,5,25,1,300.97,12.32,9625
4011,2019-09-06 06:20:00,5,25,1,298.68,11.1,9625
4011,2019-09-06 06:30:00,1,25,1,301.21,13,9625
4011,2019-09-06 06:40:00,5,25,1,298.59,9.72,9625
4011,2019-09-06 06:50:00,4,25,1,298.87,10.05,9625
4011,2019-09-06 07:00:00,4,25,1,297.36,9.2,9625
4011,2019-09-06 07:10:00,5,25,1,298.15,9.06,9625
4011,2019-09-06 07:20:00,4,25,1,299.72,10.87,9625
4011,2019-09-06 07:30:00,5,25,1,297.29,8.68,9625
4011,2019-09-06 07:40:00,5,25,1,297.73,9.21,9625
4011,2019-09-06 07:50:00,4,25,1,302.79,13.78,9625
4011,2019-09-06 08:00:00,5,25,1,302.11,12.95,9625
4011,2019-09-06 08:10:00,4,25,1,299.01,9.7,9625
4011,2019-09-06 08:20:00,3,25,1,301.42,12.48,9625
4011,2019-09-06 08:30:00,4,25,1,299.51,9.75,9625
4011,2019-09-06 08:40:00,5,25,1,299.82,10.89,9625
4011,2019-09-06 08:50:00,4,25,1,299.72,10.53,9625
4011,2019-09-06 09:00:00,5,25,1,302.69,13.48,9625
4011,2019-09-06 09:10:00,5,25,1,303.11,13.73,9625
4011,2019-09-06 09:20:00,5,25,1,301.79,11.81,9625
4011,2019-09-06 09:30:00,2,25,1,304.82,15.47,9625
4011,2019-09-06 09:40:00,4,25,1,305.1,15.29,9625
4011,2019-09-06 09:50:00,5,25,1,303.09,13.18,9625
4011,2019-09-06 10:00:00,5,25,1,302.14,12.84,9625
4011,2019-09-06 10:10:00,5,25,1,304.5,14.14,9625
4011,2019-09-06 10:20:00,5,25,1,305.93,15.53,9625
4011,2019-09-06 10:30:00,4,25,1,304,13.96,9625
4011,2019-09-06 10:40:00,5,25,1,303.48,12.65,9625
4011,2019-09-06 10:50:00,4,25,1,304.34,14.19,9625
4011,2019-09-06 11:00:00,5,25,1,304.63,14.39,9625
4011,2019-09-06 11:10:00,5,25,1,306.74,15.88,9625
4011,2019-09-06 11:20:00,5,25,1,305.27,15.09,9625
4011,2019-09-06 11:30:00,5,25,1,305.2,14.26,9625
4011,2019-09-06 11:40:00,4,25,1,305.1,13.92,9625
4011,2019-09-06 11:50:00,5,25,1,305.04,14.23,9625
4011,2019-09-06 12:00:00,5,25,1,305.36,14.61,9625
4011,2019-09-06 12:10:00,5,25,1,303.3,11.85,9625
4011,2019-09-06 12:20:00,4,25,1,307.14,15.68,9625
4011,2019-09-06 12:30:00,5,25,1,306.28,16,9625
4011,2019-09-06 12:40:00,5,25,1,305.95,14.78,9625
4011,2019-09-06 12:50:00,4,25,1,304.82,14.01,9625
4011,2019-09-06 13:00:00,5,25,1,305.77,15.38,9625
4011,2019-09-06 13:10:00,5,25,1,302.86,12.6,9625
4011,2019-09-06 13:20:00,5,25,1,302.29,11.66,9625
4011,2019-09-06 13:30:00,5,25,1,303.57,12.89,9625
4011,2019-09-06 13:40:00,4,25,1,304.02,14.28,9625
4011,2019-09-06 13:50:00,5,25,1,304.54,14.7,9625
4011,2019-09-06 14:00:00,5,25,1,303.99,13.84,9625
4011,2019-09-06 14:10:00,5,25,1,301.89,11.5,9625
4011,2019-09-06 14:20:00,4,25,1,304.57,13.92,9625
4011,2019-09-06 14:30:00,4,25,1,302.03,11.22,9625
4011,2019-09-06 14:40:00,5,25,1,306.52,15.47,9625
4011,2019-09-06 14:50:00,5,25,1,305.18,14.37,9625
4011,2019-09-06 15:00:00,4,25,1,305.17,14.97,9625
4011,2019-09-06 15:10:00,5,25,1,305.27,14.48,9625
4011,2019-09-06 15:20:00,5,25,1,303.55,13.84,9625
4011,2019-09-06 15:30:00,5,25,1,305.42,14.81,9625
4011,2019-09-06 15:40:00,5,25,1,304.98,14.45,9625
4011,2019-09-06 15:50:00,4,25,1,304.6,14.12,9625
4011,2019-09-06 16:00:00,4,25,1,304.57,14.53,9625
4011,2019-09-06 16:10:00,5,25,1,304.49,13.66,9625
4011,2019-09-06 16:20:00,5,25,1,304.67,13.75,9625
4011,2019-09-06 16:30:00,5,25,1,304.27,13.99,9625
4011,2019-09-06 16:40:00,5,25,1,303.5,13.02,9625
4011,2019-09-06 16:50:00,5,25,1,303.06,12.52,9625
4011,2019-09-06 17:00:00,3,25,1,303.5,12.3,9625
4011,2019-09-06 17:10:00,4,25,1,304.07,13.07,9625
4011,2019-09-06 17:20:00,5,25,1,304.25,13.97,9625
4011,2019-09-06 17:30:00,5,25,1,303.66,13.07,9625
4011,2019-09-06 17:40:00,5,25,1,303.06,13.35,9625
4011,2019-09-06 17:50:00,4,25,1,300.87,11.35,9625
4011,2019-09-06 18:00:00,5,25,1,302.6,12.1,9625
4011,2019-09-06 18:10:00,5,25,1,302.12,12.74,9625
4011,2019-09-06 18:20:00,5,25,1,301.87,11.96,9625
4011,2019-09-06 18:30:00,5,25,1,301.57,11.41,9625
4011,2019-09-06 18:40:00,5,25,1,301.74,11.87,9625
4011,2019-09-06 18:50:00,4,25,1,302.1,12.93,9625
4011,2019-09-06 19:00:00,4,25,1,302.97,13.07,9625
4011,2019-09-06 19:10:00,5,25,1,302.09,13.02,9625
4011,2019-09-06 19:20:00,4,25,1,301.25,11.6,9625
4011,2019-09-06 19:30:00,5,25,1,300.09,10.89,9625
4011,2019-09-06 19:40:00,5,25,1,301.9,12.51,9625
4011,2019-09-06 19:50:00,4,25,1,301.48,12.18,9625
4011,2019-09-06 20:00:00,5,25,1,300.64,11.54,9625
4011,2019-09-06 20:10:00,5,25,1,301.08,12.05,9625
4011,2019-09-06 20:20:00,5,25,1,299.43,10.35,9625
4011,2019-09-06 20:30:00,5,25,1,300.29,11.02,9625
4011,2019-09-06 20:40:00,4,25,1,300.73,11.58,9625
4011,2019-09-06 20:50:00,4,25,1,300.52,11.17,9625
4011,2019-09-06 21:00:00,5,25,1,300.86,11.77,9625
4011,2019-09-06 21:10:00,5,25,1,300.31,11.57,9625
4011,2019-09-06 21:20:00,5,25,1,300.9,12.14,9625
4011,2019-09-06 21:30:00,5,25,1,300.51,11.59,9625
4011,2019-09-06 21:40:00,5,25,1,301.37,12.41,9625
4011,2019-09-06 21:50:00,5,25,1,301.57,12.41,9625
4011,2019-09-06 22:00:00,4,25,1,301.44,12.54,9625
4011,2019-09-06 22:10:00,4,25,1,301.57,12.57,9625
4011,2019-09-06 22:20:00,5,25,1,300.86,11.88,9625
4011,2019-09-06 22:30:00,5,25,1,301.48,11.88,9625
4011,2019-09-06 22:40:00,4,25,1,299.33,10.32,9625
4011,2019-09-06 22:50:00,5,25,1,299.98,11,9625
4011,2019-09-06 23:00:00,5,25,1,300.84,11.68,9625
4011,2019-09-06 23:10:00,4,25,1,301,11.99,9625
4011,2019-09-06 23:20:00,4,25,1,300.93,11.22,9625
4011,2019-09-06 23:30:00,5,25,1,299.82,10.11,9625
4011,2019-09-06 23:40:00,5,25,1,299.93,11.24,9625
4011,2019-09-06 23:50:00,4,25,1,299.42,11.19,9625
4011,2019-09-07 00:00:00,5,25,1,301.19,12.29,9625
4011,2019-09-07 00:10:00,5,25,1,301.06,12.01,9625
4011,2019-09-07 00:20:00,5,25,1,299.08,10.2,9625
4011,2019-09-07 00:30:00,4,25,1,299.1,10.83,9625
4011,2019-09-07 00:40:00,5,25,1,299.84,10.24,9625
4011,2019-09-07 00:50:00,5,25,1,299.25,9.92,9625
4011,2019-09-07 01:00:00,4,25,1,298.44,9.8,9625
4011,2019-09-07 01:10:00,5,25,1,298.81,10.42,9625
4011,2019-09-07 01:20:00,4,25,1,300.09,11.22,9625
4011,2019-09-07 01:30:00,5,25,1,299.84,11.17,9625
4011,2019-09-07 01:40:00,4,25,1,299.84,10.53,9625
4011,2019-09-07 01:50:00,5,25,1,299.27,10.42,9625
4011,2019-09-07 02:00:00,5,25,1,299.25,10.66,9625
4011,2019-09-07 02:10:00,5,25,1,300.37,11.81,9625
4011,2019-09-07 02:20:00,4,25,1,299.93,11.42,9625
4011,2019-09-07 02:30:00,5,25,1,297.69,9.76,9625
4011,2019-09-07 02:40:00,5,25,1,298.96,10.77,9625
4011,2019-09-07 02:50:00,5,25,1,299.16,10.69,9625
4011,2019-09-07 03:00:00,4,25,1,298.67,10.21,9625
4011,2019-09-07 03:10:00,4,25,1,297.73,9.36,9625
4011,2019-09-07 03:20:00,5,25,1,298.32,10.11,9625
4011,2019-09-07 03:30:00,5,25,1,299.69,10.93,9625
4011,2019-09-07 03:40:00,4,25,1,299.42,10.69,9625
4011,2019-09-07 03:50:00,5,25,1,299.38,11.3,9625
4011,2019-09-07 04:00:00,4,25,1,298.42,10.28,9625
4011,2019-09-07 04:10:00,5,25,1,298,9.87,9625
4011,2019-09-07 04:20:00,5,25,1,299.34,11.19,9625
4011,2019-09-07 04:30:00,5,25,1,297.97,9.23,9625
4011,2019-09-07 04:40:00,5,25,1,297.38,9.14,9625
4011,2019-09-07 04:50:00,3,25,1,298.03,10.04,9625
4011,2019-09-07 05:10:00,3,25,1,299.32,10.68,9625
4011,2019-09-07 05:20:00,3,25,1,298.07,10.25,9625
4011,2019-09-07 05:30:00,4,25,1,299.9,11.7,9625
4011,2019-09-07 05:40:00,5,25,1,300.48,11.87,9625
4011,2019-09-07 05:50:00,4,25,1,300.34,12.25,9625
4011,2019-09-07 06:00:00,5,25,1,300.37,12.58,9625
4011,2019-09-07 06:10:00,5,25,1,299.84,11.52,9625
4011,2019-09-07 06:20:00,5,25,1,299.91,11.57,9625
4011,2019-09-07 06:30:00,5,25,1,298.7,10.18,9625
4011,2019-09-07 06:40:00,5,25,1,299.87,11,9625
4011,2019-09-07 06:50:00,4,25,1,300.68,11.79,9625
4011,2019-09-07 07:00:00,4,25,1,302.47,13.23,9625
4011,2019-09-07 07:10:00,5,25,1,299.58,10.2,9625
4011,2019-09-07 07:20:00,5,25,1,301.68,11.66,9625
4011,2019-09-07 07:30:00,5,25,1,301.98,11.77,9625
4011,2019-09-07 07:40:00,3,25,1,301.82,11.87,9625
4011,2019-09-07 07:50:00,5,25,1,302.76,11.92,9625
4011,2019-09-07 08:00:00,5,25,1,303.26,12.54,9625
4011,2019-09-07 08:10:00,5,25,1,303.39,12.05,9625
4011,2019-09-07 08:20:00,5,25,1,302.91,11.24,9625
4011,2019-09-07 08:30:00,4,25,1,304.55,13.02,9625
4011,2019-09-07 08:40:00,4,25,1,304.02,12.41,9625
4011,2019-09-07 08:50:00,5,25,1,305.4,12.54,9625
4011,2019-09-07 09:00:00,5,25,1,305.42,12.71,9625
4011,2019-09-07 09:10:00,5,25,1,306.76,12.49,9625
4011,2019-09-07 09:20:00,5,25,1,306.15,12.45,9625
4011,2019-09-07 09:30:00,5,25,1,304.03,11.43,9625
4011,2019-09-07 09:40:00,3,25,1,306.18,11.99,9625
4011,2019-09-07 09:50:00,5,25,1,305.2,11.57,9625
4011,2019-09-07 10:00:00,5,25,1,306.59,12.45,9625
4011,2019-09-07 10:10:00,5,25,1,305.84,11.94,9625
4011,2019-09-07 10:20:00,5,25,1,307.16,11.76,9625
4011,2019-09-07 10:30:00,3,25,1,307.65,11.44,9625
4011,2019-09-07 10:40:00,4,25,1,305.79,10.89,9625
4011,2019-09-07 10:50:00,5,25,1,308.18,12.62,9625
4011,2019-09-07 11:00:00,5,25,1,308.11,11.98,9625
4011,2019-09-07 11:10:00,5,25,1,308.22,11.57,9625
4011,2019-09-07 11:20:00,4,25,1,309.04,11.6,9625
4011,2019-09-07 11:30:00,3,25,1,309.91,11.47,9625
4011,2019-09-07 11:40:00,5,25,1,309.58,9.38,9625
4011,2019-09-07 11:50:00,5,25,1,313.17,11.68,9625
4011,2019-09-07 12:00:00,5,25,1,314.17,10.8,9625
4011,2019-09-07 12:10:00,5,25,1,316.13,10.88,9625
4011,2019-09-07 12:20:00,4,25,1,315.47,8.38,9625
4011,2019-09-07 12:30:00,4,25,1,318.65,8.31,9625
4011,2019-09-07 12:40:00,5,25,1,323.44,12.85,9625
4011,2019-09-07 12:50:00,5,25,1,326.28,12.85,9625
4011,2019-09-07 13:00:00,5,25,1,320.51,7.95,9625
4011,2019-09-07 13:10:00,5,25,1,322.16,6.35,9625
4011,2019-09-07 13:20:00,5,25,1,322.58,5.68,9625
4011,2019-09-07 13:30:00,2,25,1,321.76,5.04,9625
4011,2019-09-07 13:40:00,5,25,1,320.89,5.4,9625
4011,2019-09-07 13:50:00,5,25,1,324.08,7.56,9625
4011,2019-09-07 14:00:00,5,25,1,328.03,8.4,9625
4011,2019-09-07 14:10:00,5,25,1,332.59,12.58,9625
4011,2019-09-07 14:20:00,3,25,1,339.63,15.29,9625
4011,2019-09-07 14:30:00,5,25,1,334.15,9.41,9625
4011,2019-09-07 14:40:00,5,25,1,335.17,8.37,9625
4011,2019-09-07 14:50:00,5,25,1,332.3,5.15,9625
4011,2019-09-07 15:00:00,5,25,1,333.07,2.97,9625
4011,2019-09-07 15:10:00,5,25,1,332.04,3.06,9625
4011,2019-09-07 15:20:00,5,25,1,331.82,2.73,9625
4011,2019-09-07 15:30:00,5,25,1,326.84,-0.64,9625
4011,2019-09-07 15:40:00,5,25,1,322.23,0.7,9625
4011,2019-09-07 15:50:00,5,25,1,319.19,0.92,9625
4011,2019-09-07 16:00:00,4,25,1,316.11,1.99,9625
4011,2019-09-07 16:10:00,5,25,1,316.68,4.41,9625
4011,2019-09-07 16:20:00,3,25,1,321.66,10.01,9625
4011,2019-09-07 16:30:00,4,25,1,316.91,8.15,9625
4011,2019-09-07 16:40:00,5,25,1,313.13,7.53,9625
4011,2019-09-07 16:50:00,5,25,1,310.47,6.72,9625
4011,2019-09-07 17:00:00,5,25,1,309.45,8.31,9625
4011,2019-09-07 17:10:00,5,25,1,309.34,9.92,9625
4011,2019-09-07 17:20:00,3,25,1,309.05,10.07,9625
4011,2019-09-07 17:30:00,4,25,1,307.04,9.98,9625
4011,2019-09-07 17:40:00,5,25,1,307.98,10.69,9625
4011,2019-09-07 17:50:00,5,25,1,305.95,10.05,9625
4011,2019-09-07 18:00:00,5,25,1,305.64,10.14,9625
4011,2019-09-07 18:10:00,4,25,1,304.25,9.5,9625
4011,2019-09-07 18:20:00,4,25,1,306.93,11.88,9625
4011,2019-09-07 18:30:00,4,25,1,305.83,11.47,9625
4011,2019-09-07 18:40:00,5,25,1,306.13,12.52,9625
4011,2019-09-07 18:50:00,5,25,1,305.31,11.57,9625
4011,2019-09-07 19:00:00,5,25,1,304.91,12.07,9625
4011,2019-09-07 19:10:00,5,25,1,305.42,12.1,9625
4011,2019-09-07 19:20:00,2,25,1,304.55,12.08,9625
4011,2019-09-07 19:30:00,5,25,1,304.83,12.18,9625
4011,2019-09-07 19:40:00,5,25,1,304.67,12.43,9625
4011,2019-09-07 19:50:00,5,25,1,304.34,12.27,9625
4011,2019-09-07 20:00:00,5,25,1,304.5,11.96,9625
4011,2019-09-07 20:10:00,4,25,1,303.57,11.97,9625
4011,2019-09-07 20:20:00,5,25,1,303.77,12.05,9625
4011,2019-09-07 20:30:00,4,25,1,304.23,12.15,9625
4011,2019-09-07 20:40:00,5,25,1,303.33,12.58,9625
4011,2019-09-07 20:50:00,5,25,1,303.46,12.4,9625
4011,2019-09-07 21:00:00,4,25,1,302.99,11.79,9625
4011,2019-09-07 21:10:00,5,25,1,302.29,11.32,9625
4011,2019-09-07 21:20:00,5,25,1,302.66,11.92,9625
4011,2019-09-07 21:30:00,5,25,1,302.4,11.76,9625
4011,2019-09-07 21:40:00,5,25,1,301.96,11.9,9625
4011,2019-09-07 21:50:00,4,25,1,302.01,11.79,9625
4011,2019-09-07 22:00:00,5,25,1,302.03,11.72,9625
4011,2019-09-07 22:10:00,4,25,1,302.08,12.04,9625
4011,2019-09-07 22:20:00,5,25,1,302.58,11.85,9625
4011,2019-09-07 22:30:00,5,25,1,301.94,11.52,9625
4011,2019-09-07 22:40:00,5,25,1,301.39,10.88,9625
4011,2019-09-07 22:50:00,5,25,1,302.14,12.32,9625