,phenomenon_time,label_no
0,2019-09-02 00:20:00,4.6582723
1,2019-09-02 00:30:00,4.6582723
2,2019-09-02 00:40:00,4.6582723
3,2019-09-02 00:50:00,4.6582723
4,2019-09-02 01:00:00,4.6582723
5,2019-09-02 01:10:00,4.6582723
6,2019-09-02 01:20:00,4.6582723
7,2019-09-02 01:30:00,4.6582723
8,2019-09-02 01:40:00,4.6582723
9,2019-09-02 01:50:00,4.6582723
10,2019-09-02 02:00:00,4.6582723
11,2019-09-02 02:10:00,4.6582723
12,2019-09-02 02:20:00,4.6582723
13,2019-09-02 02:30:00,4.6582723
14,2019-09-02 02:40:00,4.6582723
15,2019-09-02 02:50:00,4.785688
16,2019-09-02 03:00:00,7.147404
17,2019-09-02 03:10:00,6.1475253
18,2019-09-02 03:20:00,6.094487
19,2019-09-02 03:30:00,5.8345356
20,2019-09-02 03:40:00,5.8467336
21,2019-09-02 03:50:00,4.6582723
22,2019-09-02 04:00:00,4.6582723
23,2019-09-02 04:10:00,4.6582723
24,2019-09-02 04:20:00,4.6582723
25,2019-09-02 04:30:00,4.6582723
26,2019-09-02 04:40:00,4.6582723
27,2019-09-02 04:50:00,4.6582723
28,2019-09-02 05:00:00,4.6582723
29,2019-09-02 05:10:00,4.6582723
30,2019-09-02 05:20:00,4.6582723
31,2019-09-02 05:30:00,4.6582723
32,2019-09-02 05:40:00,4.6582723
33,2019-09-02 05:50:00,4.6582723
34,2019-09-02 06:00:00,11.469531
35,2019-09-02 06:10:00,31.501799
36,2019-09-02 06:20:00,70.09223
37,2019-09-02 06:30:00,62.409065
38,2019-09-02 06:40:00,58.48813
39,2019-09-02 06:50:00,67.600006
40,2019-09-02 07:00:00,4.6582723
41,2019-09-02 07:10:00,4.6582723
42,2019-09-02 07:20:00,4.6582723
43,2019-09-02 07:30:00,4.6582723
44,2019-09-02 07:40:00,4.6582723
45,2019-09-02 07:50:00,4.6582723
46,2019-09-02 08:00:00,4.6582723
47,2019-09-02 08:10:00,4.6582723
48,2019-09-02 08:20:00,4.6582723
49,2019-09-02 08:30:00,4.6582723
50,2019-09-02 08:40:00,4.6582723
51,2019-09-02 08:50:00,4.6582723
52,2019-09-02 09:00:00,4.6582723
53,2019-09-02 09:10:00,4.591788
54,2019-09-02 09:20:00,4.598765
55,2019-09-02 09:30:00,4.443799
56,2019-09-02 09:40:00,4.242979
57,2019-09-02 09:50:00,4.0384793
58,2019-09-02 10:00:00,3.9884324
59,2019-09-02 10:10:00,3.9448314
60,2019-09-02 10:20:00,3.7981045
61,2019-09-02 10:30:00,3.7509952
62,2019-09-02 10:40:00,3.5204427
63,2019-09-02 10:50:00,3.4357224
64,2019-09-02 11:00:00,3.2692363
65,2019-09-02 11:10:00,3.198738
66,2019-09-02 11:20:00,2.8249269
67,2019-09-02 11:30:00,2.5045455
68,2019-09-02 11:40:00,2.2619455
69,2019-09-02 11:50:00,1.7136766
70,2019-09-02 12:00:00,1.1353848
71,2019-09-02 12:10:00,0.9780813
72,2019-09-02 12:20:00,0.27436787
73,2019-09-02 12:30:00,0.068971746
74,2019-09-02 12:40:00,0.06662845
75,2019-09-02 12:50:00,0.54471636
76,2019-09-02 13:00:00,0.4341896
77,2019-09-02 13:10:00,0.5902625
78,2019-09-02 13:20:00,0.5627832
79,2019-09-02 13:30:00,0.6220926
80,2019-09-02 13:40:00,0.57232803
81,2019-09-02 13:50:00,0.44518885
82,2019-09-02 14:00:00,0.4691637
83,2019-09-02 14:10:00,0.51275337
84,2019-09-02 14:20:00,0.65349066
85,2019-09-02 14:30:00,0.6276057
86,2019-09-02 14:40:00,0.6407346
87,2019-09-02 14:50:00,0.5618378
88,2019-09-02 15:00:00,0.3684325
89,2019-09-02 15:10:00,0.45295644
90,2019-09-02 15:20:00,0.43619338
91,2019-09-02 15:30:00,0.1655075
92,2019-09-02 15:40:00,0.14569475
93,2019-09-02 15:50:00,0.059815545
94,2019-09-02 16:00:00,0.025629053
95,2019-09-02 16:10:00,0.100827165
96,2019-09-02 16:20:00,0.25976688
97,2019-09-02 16:30:00,0.60493404
98,2019-09-02 16:40:00,0.6561482
99,2019-09-02 16:50:00,0.45114744
100,2019-09-02 17:00:00,0.12103442
101,2019-09-02 17:10:00,0.20532905
102,2019-09-02 17:20:00,0.3078528
103,2019-09-02 17:30:00,0.5159389
104,2019-09-02 17:40:00,0.8284914
105,2019-09-02 17:50:00,1.1165475
106,2019-09-02 18:00:00,1.4792119
107,2019-09-02 18:10:00,1.8098972
108,2019-09-02 18:20:00,2.1450071
109,2019-09-02 18:30:00,2.6755233
110,2019-09-02 18:40:00,3.0741534
111,2019-09-02 18:50:00,3.2795131
112,2019-09-02 19:00:00,3.4594922
113,2019-09-02 19:10:00,3.870815
114,2019-09-02 19:20:00,4.131317
115,2019-09-02 19:30:00,4.3724775
116,2019-09-02 19:40:00,4.5889077
117,2019-09-02 19:50:00,4.6582723
118,2019-09-02 20:00:00,4.6582723
119,2019-09-02 20:10:00,4.6582723
120,2019-09-02 20:20:00,4.6582723
121,2019-09-02 20:30:00,4.6582723
122,2019-09-02 20:40:00,4.6582723
123,2019-09-02 20:50:00,4.6582723
124,2019-09-02 21:00:00,4.6582723
125,2019-09-02 21:10:00,4.6582723
126,2019-09-02 21:20:00,4.6582723
127,2019-09-02 21:30:00,4.6582723
128,2019-09-02 21:40:00,4.6582723
129,2019-09-02 21:50:00,4.6582723
130,2019-09-02 22:00:00,4.6582723
131,2019-09-02 22:10:00,4.6582723
132,2019-09-02 22:20:00,4.6582723
133,2019-09-02 22:30:00,4.6582723
134,2019-09-02 22:40:00,4.6582723
135,2019-09-02 22:50:00,4.6582723
136,2019-09-02 23:00:00,4.6582723
137,2019-09-02 23:10:00,4.6582723
138,2019-09-02 23:20:00,4.6582723
139,2019-09-02 23:30:00,4.6582723
140,2019-09-02 23:40:00,4.6582723
141,2019-09-02 23:50:00,4.6582723
142,2019-09-03 00:00:00,4.6582723
143,2019-09-03 00:10:00,4.6582723
144,2019-09-03 00:20:00,4.6582723
145,2019-09-03 00:30:00,4.6582723
146,2019-09-03 00:40:00,4.8597217
147,2019-09-03 00:50:00,4.6582723
148,2019-09-03 01:00:00,4.6582723
149,2019-09-03 01:10:00,4.6582723
150,2019-09-03 01:20:00,4.6582723
151,2019-09-03 01:30:00,4.6582723
152,2019-09-03 01:40:00,4.6582723
153,2019-09-03 01:50:00,4.6582723
154,2019-09-03 02:00:00,4.6582723
155,2019-09-03 02:10:00,4.6582723
156,2019-09-03 02:20:00,4.6582723
157,2019-09-03 02:30:00,4.6582723
158,2019-09-03 02:40:00,4.6582723
159,2019-09-03 02:50:00,4.6582723
160,2019-09-03 03:00:00,4.6582723
161,2019-09-03 03:10:00,4.6582723
162,2019-09-03 03:20:00,4.6582723
163,2019-09-03 03:30:00,4.6582723
164,2019-09-03 03:40:00,4.6582723
165,2019-09-03 03:50:00,4.6582723
166,2019-09-03 04:00:00,4.6582723
167,2019-09-03 04:10:00,4.6582723
168,2019-09-03 04:20:00,4.6582723
169,2019-09-03 04:30:00,4.6582723
170,2019-09-03 04:40:00,4.6687965
171,2019-09-03 04:50:00,4.6582723
172,2019-09-03 05:00:00,4.6582723
173,2019-09-03 05:10:00,4.6582723
174,2019-09-03 05:20:00,4.6582723
175,2019-09-03 05:30:00,4.6582723
176,2019-09-03 05:40:00,4.6582723
177,2019-09-03 05:50:00,4.6582723
178,2019-09-03 06:00:00,4.6582723
179,2019-09-03 06:10:00,4.6582723
180,2019-09-03 06:20:00,4.6582723
181,2019-09-03 06:30:00,4.6582723
182,2019-09-03 06:40:00,4.6582723
183,2019-09-03 06:50:00,4.6582723
184,2019-09-03 07:00:00,4.6582723
185,2019-09-03 07:10:00,4.765927
186,2019-09-03 07:20:00,4.6582723
187,2019-09-03 07:30:00,4.6582723
188,2019-09-03 07:40:00,4.6582723
189,2019-09-03 07:50:00,4.6582723
190,2019-09-03 08:00:00,4.6582723
191,2019-09-03 08:10:00,4.6582723
192,2019-09-03 08:20:00,4.6582723
193,2019-09-03 08:30:00,4.6582723
194,2019-09-03 08:40:00,4.6582723
195,2019-09-03 08:50:00,4.6582723
196,2019-09-03 09:00:00,4.6582723
197,2019-09-03 09:10:00,4.6582723
198,2019-09-03 09:20:00,4.6582723
199,2019-09-03 09:30:00,4.6582723
200,2019-09-03 09:40:00,4.6582723
201,2019-09-03 09:50:00,4.6582723
202,2019-09-03 10:00:00,4.6582723
203,2019-09-03 10:10:00,4.6379604
204,2019-09-03 10:20:00,4.6582723
205,2019-09-03 10:30:00,4.515021
206,2019-09-03 10:40:00,4.5209894
207,2019-09-03 10:50:00,4.4601684
208,2019-09-03 11:00:00,4.3568788
209,2019-09-03 11:10:00,3.9830587
210,2019-09-03 11:20:00,3.8481793
211,2019-09-03 11:30:00,3.6226583
212,2019-09-03 11:40:00,3.375284
213,2019-09-03 11:50:00,3.1647086
214,2019-09-03 12:00:00,2.7991729
215,2019-09-03 12:10:00,2.1398835
216,2019-09-03 12:20:00,1.407638
217,2019-09-03 12:30:00,1.0118456
218,2019-09-03 12:40:00,0.8395767
219,2019-09-03 12:50:00,0.73309654
220,2019-09-03 13:00:00,0.6110079
221,2019-09-03 13:10:00,0.50156915
222,2019-09-03 13:20:00,0.5506859
223,2019-09-03 13:30:00,0.90176
224,2019-09-03 13:40:00,0.8624025
225,2019-09-03 13:50:00,0.6843938
226,2019-09-03 14:00:00,0.10978028
227,2019-09-03 14:10:00,0.357529
228,2019-09-03 14:20:00,0.3500455
229,2019-09-03 14:30:00,0.4989927
230,2019-09-03 14:40:00,0.011083379
231,2019-09-03 14:50:00,0.5974721
232,2019-09-03 15:00:00,0.59932303
233,2019-09-03 15:10:00,0.59157157
234,2019-09-03 15:20:00,0.6740132
235,2019-09-03 15:30:00,0.16034642
236,2019-09-03 15:40:00,0.15652342
237,2019-09-03 15:50:00,0.6058493
238,2019-09-03 16:00:00,0.68207943
239,2019-09-03 16:10:00,0.2783954
240,2019-09-03 16:20:00,0.62699443
241,2019-09-03 16:30:00,0.6627794
242,2019-09-03 16:40:00,0.17999624
243,2019-09-03 16:50:00,0.5157746
244,2019-09-03 17:00:00,0.0318676
245,2019-09-03 17:10:00,0.40864024
246,2019-09-03 17:20:00,0.9520403
247,2019-09-03 17:30:00,1.2094253
248,2019-09-03 17:40:00,1.7235395
249,2019-09-03 17:50:00,1.8857496
250,2019-09-03 18:00:00,2.405908
251,2019-09-03 18:10:00,2.786458
252,2019-09-03 18:20:00,3.1388178
253,2019-09-03 18:30:00,3.5134916
254,2019-09-03 18:40:00,3.9348989
255,2019-09-03 18:50:00,3.9797146
256,2019-09-03 19:00:00,4.4567394
257,2019-09-03 19:10:00,4.6582723
258,2019-09-03 19:20:00,4.6582723
259,2019-09-03 19:30:00,4.6582723
260,2019-09-03 19:40:00,4.6582723
261,2019-09-03 19:50:00,4.6582723
262,2019-09-03 20:00:00,4.6582723
263,2019-09-03 20:10:00,4.6582723
264,2019-09-03 20:20:00,4.6582723
265,2019-09-03 20:30:00,4.6582723
266,2019-09-03 20:40:00,4.6582723
267,2019-09-03 20:50:00,4.6582723
268,2019-09-03 21:00:00,4.6582723
269,2019-09-03 21:10:00,4.6582723
270,2019-09-03 21:20:00,4.6582723
271,2019-09-03 21:30:00,4.6582723
272,2019-09-03 21:40:00,4.6582723
273,2019-09-03 21:50:00,4.6582723
274,2019-09-03 22:00:00,4.6582723
275,2019-09-03 22:10:00,4.6582723
276,2019-09-03 22:20:00,4.6582723
277,2019-09-03 22:30:00,4.6582723
278,2019-09-03 22:40:00,4.6582723
279,2019-09-03 22:50:00,4.6582723
280,2019-09-03 23:00:00,4.6582723
281,2019-09-03 23:10:00,4.6582723
282,2019-09-03 23:20:00,4.6582723
283,2019-09-03 23:30:00,4.6582723
284,2019-09-03 23:40:00,4.6582723
285,2019-09-03 23:50:00,4.6582723
286,2019-09-04 00:00:00,4.6582723
287,2019-09-04 00:10:00,
288,2019-09-04 00:20:00,
289,2019-09-04 00:30:00,
290,2019-09-04 00:40:00,
291,2019-09-04 00:50:00,
292,2019-09-04 01:00:00,
293,2019-09-04 01:10:00,
294,2019-09-04 01:20:00,
295,2019-09-04 01:30:00,
296,2019-09-04 01:40:00,
297,2019-09-04 01:50:00,
298,2019-09-04 02:00:00,
299,2019-09-04 02:10:00,
300,2019-09-04 02:20:00,
301,2019-09-04 02:30:00,
302,2019-09-04 02:40:00,
303,2019-09-04 02:50:00,
304,2019-09-04 03:00:00,
305,2019-09-04 03:10:00,
306,2019-09-04 03:20:00,
307,2019-09-04 03:30:00,
308,2019-09-04 03:40:00,
309,2019-09-04 03:50:00,
310,2019-09-04 04:00:00,
311,2019-09-04 04:10:00,
312,2019-09-04 04:20:00,
313,2019-09-04 04:30:00,
314,2019-09-04 04:40:00,
315,2019-09-04 04:50:00,
316,2019-09-04 05:00:00,
317,2019-09-04 05:10:00,
318,2019-09-04 05:20:00,
319,2019-09-04 05:30:00,
320,2019-09-04 05:40:00,
321,2019-09-04 05:50:00,
322,2019-09-04 06:00:00,
323,2019-09-04 06:10:00,
324,2019-09-04 06:20:00,
325,2019-09-04 06:30:00,
326,2019-09-04 06:40:00,
327,2019-09-04 06:50:00,
328,2019-09-04 07:00:00,
329,2019-09-04 07:10:00,
330,2019-09-04 07:20:00,
331,2019-09-04 07:30:00,
332,2019-09-04 07:40:00,
333,2019-09-04 07:50:00,
334,2019-09-04 08:00:00,
335,2019-09-04 08:10:00,
336,2019-09-04 08:20:00,
337,2019-09-04 08:30:00,
338,2019-09-04 08:40:00,
339,2019-09-04 08:50:00,
340,2019-09-04 09:00:00,
341,2019-09-04 09:10:00,
342,2019-09-04 09:20:00,
343,2019-09-04 09:30:00,
344,2019-09-04 09:40:00,
345,2019-09-04 09:50:00,
346,2019-09-04 10:00:00,
347,2019-09-04 10:10:00,
348,2019-09-04 10:20:00,
349,2019-09-04 10:30:00,
350,2019-09-04 10:40:00,
351,2019-09-04 10:50:00,
352,2019-09-04 11:00:00,
353,2019-09-04 11:10:00,
354,2019-09-04 11:20:00,
355,2019-09-04 11:30:00,
356,2019-09-04 11:40:00,
357,2019-09-04 11:50:00,
358,2019-09-04 12:00:00,
359,2019-09-04 12:10:00,
360,2019-09-04 12:20:00,
361,2019-09-04 12:30:00,
362,2019-09-04 12:40:00,
363,2019-09-04 12:50:00,
364,2019-09-04 13:00:00,
365,2019-09-04 13:10:00,
366,2019-09-04 13:20:00,
367,2019-09-04 13:30:00,
368,2019-09-04 13:40:00,
369,2019-09-04 13:50:00,
370,2019-09-04 14:00:00,
371,2019-09-04 14:10:00,
372,2019-09-04 14:20:00,
373,2019-09-04 14:30:00,
374,2019-09-04 14:40:00,
375,2019-09-04 14:50:00,
376,2019-09-04 15:00:00,
377,2019-09-04 15:10:00,
378,2019-09-04 15:20:00,
379,2019-09-04 15:30:00,
380,2019-09-04 15:40:00,
381,2019-09-04 15:50:00,
382,2019-09-04 16:00:00,
383,2019-09-04 16:10:00,
384,2019-09-04 16:20:00,
385,2019-09-04 16:30:00,
386,2019-09-04 16:40:00,
387,2019-09-04 16:50:00,
388,2019-09-04 17:00:00,
389,2019-09-04 17:10:00,
390,2019-09-04 17:20:00,
391,2019-09-04 17:30:00,
392,2019-09-04 17:40:00,
393,2019-09-04 17:50:00,
394,2019-09-04 18:00:00,
395,2019-09-04 18:10:00,
396,2019-09-04 18:20:00,
397,2019-09-04 18:30:00,
398,2019-09-04 18:40:00,
399,2019-09-04 18:50:00,
400,2019-09-04 19:00:00,
401,2019-09-04 19:10:00,
402,2019-09-04 19:20:00,
403,2019-09-04 19:30:00,
404,2019-09-04 19:40:00,
405,2019-09-04 19:50:00,
406,2019-09-04 20:00:00,
407,2019-09-04 20:10:00,
408,2019-09-04 20:20:00,
409,2019-09-04 20:30:00,
410,2019-09-04 20:40:00,
411,2019-09-04 20:50:00,
412,2019-09-04 21:00:00,
413,2019-09-04 21:10:00,
414,2019-09-04 21:20:00,
415,2019-09-04 21:30:00,
416,2019-09-04 21:40:00,
417,2019-09-04 21:50:00,
418,2019-09-04 22:00:00,
419,2019-09-04 22:10:00,
420,2019-09-04 22:20:00,
421,2019-09-04 22:30:00,
422,2019-09-04 22:40:00,
423,2019-09-04 22:50:00,
424,2019-09-04 23:00:00,
425,2019-09-04 23:10:00,
426,2019-09-04 23:20:00,
427,2019-09-04 23:30:00,
428,2019-09-04 23:40:00,
429,2019-09-04 23:50:00,
430,2019-09-05 00:00:00,
431,2019-09-05 00:10:00,
432,2019-09-05 00:20:00,4.6582723
433,2019-09-05 00:30:00,4.6582723
434,2019-09-05 00:40:00,4.6582723
435,2019-09-05 00:50:00,4.6582723
436,2019-09-05 01:00:00,4.6582723
437,2019-09-05 01:10:00,4.6582723
438,2019-09-05 01:20:00,4.6582723
439,2019-09-05 01:30:00,4.6582723
440,2019-09-05 01:40:00,4.6582723
441,2019-09-05 01:50:00,4.6582723
442,2019-09-05 02:00:00,4.6582723
443,2019-09-05 02:10:00,4.6582723
444,2019-09-05 02:20:00,4.6582723
445,2019-09-05 02:30:00,4.6582723
446,2019-09-05 02:40:00,4.6582723
447,2019-09-05 02:50:00,4.6582723
448,2019-09-05 03:00:00,4.6582723
449,2019-09-05 03:10:00,4.6582723
450,2019-09-05 03:20:00,4.6582723
451,2019-09-05 03:30:00,4.6582723
452,2019-09-05 03:40:00,4.6582723
453,2019-09-05 03:50:00,4.6582723
454,2019-09-05 04:00:00,4.6582723
455,2019-09-05 04:10:00,4.6582723
456,2019-09-05 04:20:00,4.6582723
457,2019-09-05 04:30:00,4.6582723
458,2019-09-05 04:40:00,4.6582723
459,2019-09-05 04:50:00,4.6582723
460,2019-09-05 05:00:00,4.6582723
461,2019-09-05 05:10:00,4.6582723
462,2019-09-05 05:20:00,4.6582723
463,2019-09-05 05:30:00,4.6582723
464,2019-09-05 05:40:00,4.6582723
465,2019-09-05 05:50:00,4.6582723
466,2019-09-05 06:00:00,4.6582723
467,2019-09-05 06:10:00,4.6582723
468,2019-09-05 06:20:00,4.6582723
469,2019-09-05 06:30:00,4.6582723
470,2019-09-05 06:40:00,6.379574
471,2019-09-05 06:50:00,12.275392
472,2019-09-05 07:00:00,14.70096
473,2019-09-05 07:10:00,24.831093
474,2019-09-05 07:20:00,20.358181
475,2019-09-05 07:30:00,14.972102
476,2019-09-05 07:40:00,7.54904
477,2019-09-05 07:50:00,6.4108706
478,2019-09-05 08:00:00,8.179927
479,2019-09-05 08:10:00,9.090041
480,2019-09-05 08:20:00,6.285222
481,2019-09-05 08:30:00,6.1327186
482,2019-09-05 08:40:00,5.8246727
483,2019-09-05 08:50:00,7.103954
484,2019-09-05 09:00:00,4.6582723
485,2019-09-05 09:10:00,4.6582723
486,2019-09-05 09:20:00,4.6582723
487,2019-09-05 09:30:00,4.6582723
488,2019-09-05 09:40:00,4.6582723
489,2019-09-05 09:50:00,4.6582723
490,2019-09-05 10:00:00,4.6582723
491,2019-09-05 10:10:00,4.6582723
492,2019-09-05 10:20:00,4.6582723
493,2019-09-05 10:30:00,4.6582723
494,2019-09-05 10:40:00,4.6582723
495,2019-09-05 10:50:00,4.6582723
496,2019-09-05 11:00:00,4.6582723
497,2019-09-05 11:10:00,4.4842463
498,2019-09-05 11:20:00,4.2436
499,2019-09-05 11:30:00,4.106012
500,2019-09-05 11:40:00,3.5559654
501,2019-09-05 11:50:00,2.8866541
502,2019-09-05 12:00:00,2.0189362
503,2019-09-05 12:10:00,1.6979015
504,2019-09-05 12:20:00,1.3183981
505,2019-09-05 12:30:00,1.3637613
506,2019-09-05 12:40:00,0.19644281
507,2019-09-05 12:50:00,0.21243438
508,2019-09-05 13:00:00,0.45337397
509,2019-09-05 13:10:00,0.48359367
510,2019-09-05 13:20:00,0.65816486
511,2019-09-05 13:30:00,0.6212204
512,2019-09-05 13:40:00,0.59250945
513,2019-09-05 13:50:00,0.49670213
514,2019-09-05 14:00:00,0.250596
515,2019-09-05 14:10:00,0.46582332
516,2019-09-05 14:20:00,0.028874159
517,2019-09-05 14:30:00,0.3651411
518,2019-09-05 14:40:00,0.26049918
519,2019-09-05 14:50:00,0.3587729
520,2019-09-05 15:00:00,0.35520494
521,2019-09-05 15:10:00,0.6290188
522,2019-09-05 15:20:00,0.17649607
523,2019-09-05 15:30:00,0.508353
524,2019-09-05 15:40:00,0.54586625
525,2019-09-05 15:50:00,0.6383219
526,2019-09-05 16:00:00,0.6478345
527,2019-09-05 16:10:00,0.58384705
528,2019-09-05 16:20:00,0.27183527
529,2019-09-05 16:30:00,0.54363054
530,2019-09-05 16:40:00,0.4789469
531,2019-09-05 16:50:00,0.08975151
532,2019-09-05 17:00:00,0.04006242
533,2019-09-05 17:10:00,0.6954458
534,2019-09-05 17:20:00,2.0687397
535,2019-09-05 17:30:00,1.4495426
536,2019-09-05 17:40:00,1.1978463
537,2019-09-05 17:50:00,1.6399155
538,2019-09-05 18:00:00,2.3111262
539,2019-09-05 18:10:00,3.277521
540,2019-09-05 18:20:00,3.5040379
541,2019-09-05 18:30:00,3.210505
542,2019-09-05 18:40:00,3.5335991
543,2019-09-05 18:50:00,3.891851
544,2019-09-05 19:00:00,4.005455
545,2019-09-05 19:10:00,4.149943
546,2019-09-05 19:20:00,4.426584
547,2019-09-05 19:30:00,4.5733666
548,2019-09-05 19:40:00,4.6582723
549,2019-09-05 19:50:00,4.6582723
550,2019-09-05 20:00:00,4.6582723
551,2019-09-05 20:10:00,4.6582723
552,2019-09-05 20:20:00,4.6582723
553,2019-09-05 20:30:00,4.6582723
554,2019-09-05 20:40:00,4.6582723
555,2019-09-05 20:50:00,4.6582723
556,2019-09-05 21:00:00,4.6582723
557,2019-09-05 21:10:00,4.6582723
558,2019-09-05 21:20:00,4.6582723
559,2019-09-05 21:30:00,4.6582723
560,2019-09-05 21:40:00,4.6582723
561,2019-09-05 21:50:00,4.6582723
562,2019-09-05 22:00:00,4.6582723
563,2019-09-05 22:10:00,4.6582723
564,2019-09-05 22:20:00,4.6582723
565,2019-09-05 22:30:00,4.6582723
566,2019-09-05 22:40:00,4.6582723
567,2019-09-05 22:50:00,4.6582723
568,2019-09-05 23:00:00,4.6582723
569,2019-09-05 23:10:00,4.6582723
570,2019-09-05 23:20:00,4.6582723
571,2019-09-05 23:30:00,4.6582723
572,2019-09-05 23:40:00,4.6582723
573,2019-09-05 23:50:00,4.6582723
574,2019-09-06 00:00:00,4.6582723
575,2019-09-06 00:10:00,4.6582723
576,2019-09-06 00:20:00,4.6582723
577,2019-09-06 00:30:00,4.6582723
578,2019-09-06 00:40:00,4.6582723
579,2019-09-06 00:50:00,4.6582723
580,2019-09-06 01:00:00,4.6582723
581,2019-09-06 01:10:00,4.6582723
582,2019-09-06 01:20:00,4.6582723
583,2019-09-06 01:30:00,4.6582723
584,2019-09-06 01:40:00,4.6582723
585,2019-09-06 01:50:00,4.6582723
586,2019-09-06 02:00:00,4.6582723
587,2019-09-06 02:10:00,4.6582723
588,2019-09-06 02:20:00,4.6582723
589,2019-09-06 02:30:00,4.6582723
590,2019-09-06 02:40:00,4.6582723
591,2019-09-06 02:50:00,4.6582723
592,2019-09-06 03:00:00,4.6582723
593,2019-09-06 03:10:00,4.6582723
594,2019-09-06 03:20:00,4.6582723
595,2019-09-06 03:30:00,4.6582723
596,2019-09-06 03:40:00,4.6582723
597,2019-09-06 03:50:00,4.6582723
598,2019-09-06 04:00:00,4.6582723
599,2019-09-06 04:10:00,4.6582723
600,2019-09-06 04:20:00,4.6582723
601,2019-09-06 04:30:00,4.6582723
602,2019-09-06 04:40:00,4.6582723
603,2019-09-06 04:50:00,4.6582723
604,2019-09-06 05:00:00,4.6582723
605,2019-09-06 05:10:00,4.6582723
606,2019-09-06 05:20:00,4.6582723
607,2019-09-06 05:30:00,4.6582723
608,2019-09-06 05:40:00,4.6582723
609,2019-09-06 05:50:00,4.6582723
610,2019-09-06 06:00:00,4.6582723
611,2019-09-06 06:10:00,4.6582723
612,2019-09-06 06:20:00,4.6582723
613,2019-09-06 06:30:00,4.6582723
614,2019-09-06 06:40:00,4.6582723
615,2019-09-06 06:50:00,4.6582723
616,2019-09-06 07:00:00,4.6582723
617,2019-09-06 07:10:00,4.6582723
618,2019-09-06 07:20:00,4.6582723
619,2019-09-06 07:30:00,4.6582723
620,2019-09-06 07:40:00,4.6582723
621,2019-09-06 07:50:00,4.6582723
622,2019-09-06 08:00:00,4.6582723
623,2019-09-06 08:10:00,4.6582723
624,2019-09-06 08:20:00,4.6582723
625,2019-09-06 08:30:00,4.6582723
626,2019-09-06 08:40:00,4.6582723
627,2019-09-06 08:50:00,4.6582723
628,2019-09-06 09:00:00,4.6582723
629,2019-09-06 09:10:00,4.6582723
630,2019-09-06 09:20:00,4.6582723
631,2019-09-06 09:30:00,4.6582723
632,2019-09-06 09:40:00,4.6582723
633,2019-09-06 09:50:00,4.6582723
634,2019-09-06 10:00:00,4.6582723
635,2019-09-06 10:10:00,4.6582723
636,2019-09-06 10:20:00,4.6582723
637,2019-09-06 10:30:00,4.6582723
638,2019-09-06 10:40:00,4.6582723
639,2019-09-06 10:50:00,4.6582723
640,2019-09-06 11:00:00,4.6582723
641,2019-09-06 11:10:00,4.6582723
642,2019-09-06 11:20:00,4.6582723
643,2019-09-06 11:30:00,4.6582723
644,2019-09-06 11:40:00,4.6582723
645,2019-09-06 11:50:00,4.6582723
646,2019-09-06 12:00:00,4.6582723
647,2019-09-06 12:10:00,4.6582723
648,2019-09-06 12:20:00,4.6582723
649,2019-09-06 12:30:00,4.6582723
650,2019-09-06 12:40:00,4.6582723
651,2019-09-06 12:50:00,4.6582723
652,2019-09-06 13:00:00,4.6582723
653,2019-09-06 13:10:00,4.6582723
654,2019-09-06 13:20:00,4.6582723
655,2019-09-06 13:30:00,4.6582723
656,2019-09-06 13:40:00,4.6582723
657,2019-09-06 13:50:00,4.6582723
658,2019-09-06 14:00:00,4.6582723
659,2019-09-06 14:10:00,4.6582723
660,2019-09-06 14:20:00,4.6582723
661,2019-09-06 14:30:00,4.6582723
662,2019-09-06 14:40:00,4.6582723
663,2019-09-06 14:50:00,4.6582723
664,2019-09-06 15:00:00,4.6582723
665,2019-09-06 15:10:00,4.6582723
666,2019-09-06 15:20:00,4.6582723
667,2019-09-06 15:30:00,4.6582723
668,2019-09-06 15:40:00,4.6582723
669,2019-09-06 15:50:00,4.6582723
670,2019-09-06 16:00:00,4.6582723
671,2019-09-06 16:10:00,4.6582723
672,2019-09-06 16:20:00,4.6582723
673,2019-09-06 16:30:00,4.6582723
674,2019-09-06 16:40:00,4.6582723
675,2019-09-06 16:50:00,4.6582723
676,2019-09-06 17:00:00,4.6582723
677,2019-09-06 17:10:00,4.6582723
678,2019-09-06 17:20:00,4.6582723
679,2019-09-06 17:30:00,4.6582723
680,2019-09-06 17:40:00,4.6582723
681,2019-09-06 17:50:00,4.6582723
682,2019-09-06 18:00:00,4.6582723
683,2019-09-06 18:10:00,4.6582723
684,2019-09-06 18:20:00,4.6582723
685,2019-09-06 18:30:00,4.6582723
686,2019-09-06 18:40:00,4.6582723
687,2019-09-06 18:50:00,4.6582723
688,2019-09-06 19:00:00,4.6582723
689,2019-09-06 19:10:00,4.6582723
690,2019-09-06 19:20:00,4.6582723
691,2019-09-06 19:30:00,4.6582723
692,2019-09-06 19:40:00,4.6582723
693,2019-09-06 19:50:00,4.6582723
694,2019-09-06 20:00:00,4.6582723
695,2019-09-06 20:10:00,4.6582723
696,2019-09-06 20:20:00,4.6582723
697,2019-09-06 20:30:00,4.6582723
698,2019-09-06 20:40:00,4.6582723
699,2019-09-06 20:50:00,4.6582723
700,2019-09-06 21:00:00,4.6582723
701,2019-09-06 21:10:00,4.6582723
702,2019-09-06 21:20:00,4.6582723
703,2019-09-06 21:30:00,4.6582723
704,2019-09-06 21:40:00,4.6582723
705,2019-09-06 21:50:00,4.6582723
706,2019-09-06 22:00:00,4.6582723
707,2019-09-06 22:10:00,4.6582723
708,2019-09-06 22:20:00,4.6582723
709,2019-09-06 22:30:00,4.6582723
710,2019-09-06 22:40:00,4.6582723
711,2019-09-06 22:50:00,4.6582723
712,2019-09-06 23:00:00,4.6582723
713,2019-09-06 23:10:00,4.6582723
714,2019-09-06 23:20:00,4.6582723
715,2019-09-06 23:30:00,4.6582723
716,2019-09-06 23:40:00,4.6582723
717,2019-09-06 23:50:00,4.6582723
718,2019-09-07 00:00:00,4.6582723
719,2019-09-07 00:10:00,4.6582723
720,2019-09-07 00:20:00,4.6582723
721,2019-09-07 00:30:00,4.6582723
722,2019-09-07 00:40:00,4.6582723
723,2019-09-07 00:50:00,4.6582723
724,2019-09-07 01:00:00,4.6582723
725,2019-09-07 01:10:00,4.6582723
726,2019-09-07 01:20:00,4.6582723
727,2019-09-07 01:30:00,4.6582723
728,2019-09-07 01:40:00,4.6582723
729,2019-09-07 01:50:00,4.6582723
730,2019-09-07 02:00:00,4.6582723
731,2019-09-07 02:10:00,4.6582723
732,2019-09-07 02:20:00,4.6582723
733,2019-09-07 02:30:00,4.6582723
734,2019-09-07 02:40:00,4.6582723
735,2019-09-07 02:50:00,4.6582723
736,2019-09-07 03:00:00,4.6582723
737,2019-09-07 03:10:00,4.6582723
738,2019-09-07 03:20:00,4.6582723
739,2019-09-07 03:30:00,4.6582723
740,2019-09-07 03:40:00,4.6582723
741,2019-09-07 03:50:00,4.6582723
742,2019-09-07 04:00:00,4.6582723
743,2019-09-07 04:10:00,4.6582723
744,2019-09-07 04:20:00,4.6582723
745,2019-09-07 04:30:00,4.6582723
746,2019-09-07 04:40:00,4.6582723
747,2019-09-07 04:50:00,4.6582723
748,2019-09-07 05:00:00,4.6582723
749,2019-09-07 05:10:00,
750,2019-09-07 05:20:00,
751,2019-09-07 05:30:00,4.6582723
752,2019-09-07 05:40:00,4.6582723
753,2019-09-07 05:50:00,4.6582723
754,2019-09-07 06:00:00,4.6582723
755,2019-09-07 06:10:00,4.6582723
756,2019-09-07 06:20:00,4.6582723
757,2019-09-07 06:30:00,4.6582723
758,2019-09-07 06:40:00,4.6582723
759,2019-09-07 06:50:00,4.6582723
760,2019-09-07 07:00:00,4.6582723
761,2019-09-07 07:10:00,4.6582723
762,2019-09-07 07:20:00,4.6582723
763,2019-09-07 07:30:00,4.6582723
764,2019-09-07 07:40:00,4.6582723
765,2019-09-07 07:50:00,4.6582723
766,2019-09-07 08:00:00,4.6582723
767,2019-09-07 08:10:00,4.6582723
768,2019-09-07 08:20:00,4.6582723
769,2019-09-07 08:30:00,4.6582723
770,2019-09-07 08:40:00,4.6582723
771,2019-09-07 08:50:00,4.6582723
772,2019-09-07 09:00:00,4.6582723
773,2019-09-07 09:10:00,4.6582723
774,2019-09-07 09:20:00,4.6582723
775,2019-09-07 09:30:00,4.6582723
776,2019-09-07 09:40:00,4.6582723
777,2019-09-07 09:50:00,4.6582723
778,2019-09-07 10:00:00,4.6582723
779,2019-09-07 10:10:00,4.6582723
780,2019-09-07 10:20:00,4.6582723
781,2019-09-07 10:30:00,4.6582723
782,2019-09-07 10:40:00,4.6582723
783,2019-09-07 10:50:00,4.6582723
784,2019-09-07 11:00:00,4.6582723
785,2019-09-07 11:10:00,4.6582723
786,2019-09-07 11:20:00,4.6582723
787,2019-09-07 11:30:00,4.6582723
788,2019-09-07 11:40:00,4.6582723
789,2019-09-07 11:50:00,4.6582723
790,2019-09-07 12:00:00,4.6582723
791,2019-09-07 12:10:00,4.4804764
792,2019-09-07 12:20:00,3.9001887
793,2019-09-07 12:30:00,3.4191215
794,2019-09-07 12:40:00,2.7187312
795,2019-09-07 12:50:00,2.0372787
796,2019-09-07 13:00:00,2.0075512
797,2019-09-07 13:10:00,1.622477
798,2019-09-07 13:20:00,1.3810678
799,2019-09-07 13:30:00,0.882034
800,2019-09-07 13:40:00,0.7838885
801,2019-09-07 13:50:00,0.8941395
802,2019-09-07 14:00:00,0.9473166
803,2019-09-07 14:10:00,0.62535185
804,2019-09-07 14:20:00,0.32973912
805,2019-09-07 14:30:00,0.34306365
806,2019-09-07 14:40:00,0.1252778
807,2019-09-07 14:50:00,0.26127133
808,2019-09-07 15:00:00,0.43009165
809,2019-09-07 15:10:00,0.46715236
810,2019-09-07 15:20:00,0.57328254
811,2019-09-07 15:30:00,0.52704346
812,2019-09-07 15:40:00,0.5257155
813,2019-09-07 15:50:00,0.09485996
814,2019-09-07 16:00:00,0.6379419
815,2019-09-07 16:10:00,1.3529294
816,2019-09-07 16:20:00,1.9526837
817,2019-09-07 16:30:00,1.8193102
818,2019-09-07 16:40:00,2.0338051
819,2019-09-07 16:50:00,2.8460886
820,2019-09-07 17:00:00,3.7335236
821,2019-09-07 17:10:00,4.317479
822,2019-09-07 17:20:00,4.6582723
823,2019-09-07 17:30:00,4.6582723
824,2019-09-07 17:40:00,4.6582723
825,2019-09-07 17:50:00,4.6582723
826,2019-09-07 18:00:00,4.6582723
827,2019-09-07 18:10:00,4.6582723
828,2019-09-07 18:20:00,4.6582723
829,2019-09-07 18:30:00,4.6582723
830,2019-09-07 18:40:00,4.6582723
831,2019-09-07 18:50:00,4.6582723
832,2019-09-07 19:00:00,4.6582723
833,2019-09-07 19:10:00,4.6582723
834,2019-09-07 19:20:00,4.6582723
835,2019-09-07 19:30:00,4.6582723
836,2019-09-07 19:40:00,4.6582723
837,2019-09-07 19:50:00,4.6582723
838,2019-09-07 20:00:00,4.6582723
839,2019-09-07 20:10:00,4.6582723
840,2019-09-07 20:20:00,4.6582723
841,2019-09-07 20:30:00,4.6582723
842,2019-09-07 20:40:00,4.6582723
843,2019-09-07 20:50:00,4.6582723
844,2019-09-07 21:00:00,4.6582723
845,2019-09-07 21:10:00,4.6582723
846,2019-09-07 21:20:00,4.6582723
847,2019-09-07 21:30:00,4.6582723
848,2019-09-07 21:40:00,4.6582723
849,2019-09-07 21:50:00,4.6582723
850,2019-09-07 22:00:00,4.6582723
851,2019-09-07 22:10:00,4.6582723
852,2019-09-07 22:20:00,4.6582723
853,2019-09-07 22:30:00,4.6582723
854,2019-09-07 22:40:00,4.6582723
855,2019-09-07 22:50:00,4.6582723
856,2019-09-07 23:00:00,4.6582723
857,2019-09-07 23:10:00,
858,2019-09-07 23:20:00,
859,2019-09-07 23:30:00,
860,2019-09-07 23:40:00,
861,2019-09-07 23:50:00,
862,2019-09-08 00:00:00,
863,2019-09-08 00:10:00,
864,2019-09-08 00:20:00,
865,2019-09-08 00:30:00,
866,2019-09-08 00:40:00,
867,2019-09-08 00:50:00,
868,2019-09-08 01:00:00,
869,2019-09-08 01:10:00,
870,2019-09-08 01:20:00,
871,2019-09-08 01:30:00,
872,2019-09-08 01:40:00,
873,2019-09-08 01:50:00,
874,2019-09-08 02:00:00,
875,2019-09-08 02:10:00,
876,2019-09-08 02:20:00,
877,2019-09-08 02:30:00,
878,2019-09-08 02:40:00,
879,2019-09-08 02:50:00,
880,2019-09-08 03:00:00,
881,2019-09-08 03:10:00,
882,2019-09-08 03:20:00,
883,2019-09-08 03:30:00,
884,2019-09-08 03:40:00,
885,2019-09-08 03:50:00,
886,2019-09-08 04:00:00,
887,2019-09-08 04:10:00,
888,2019-09-08 04:20:00,
889,2019-09-08 04:30:00,
890,2019-09-08 04:40:00,
891,2019-09-08 04:50:00,
892,2019-09-08 05:00:00,
893,2019-09-08 05:10:00,
894,2019-09-08 05:20:00,
895,2019-09-08 05:30:00,
896,2019-09-08 05:40:00,
897,2019-09-08 05:50:00,
898,2019-09-08 06:00:00,
899,2019-09-08 06:10:00,
900,2019-09-08 06:20:00,
901,2019-09-08 06:30:00,
902,2019-09-08 06:40:00,
903,2019-09-08 06:50:00,
904,2019-09-08 07:00:00,
905,2019-09-08 07:10:00,
906,2019-09-08 07:20:00,
907,2019-09-08 07:30:00,
908,2019-09-08 07:40:00,
909,2019-09-08 07:50:00,
910,2019-09-08 08:00:00,
911,2019-09-08 08:10:00,
912,2019-09-08 08:20:00,
913,2019-09-08 08:30:00,
914,2019-09-08 08:40:00,
915,2019-09-08 08:50:00,
916,2019-09-08 09:00:00,
917,2019-09-08 09:10:00,
918,2019-09-08 09:20:00,
919,2019-09-08 09:30:00,
920,2019-09-08 09:40:00,
921,2019-09-08 09:50:00,
922,2019-09-08 10:00:00,
923,2019-09-08 10:10:00,
924,2019-09-08 10:20:00,
925,2019-09-08 10:30:00,
926,2019-09-08 10:40:00,
927,2019-09-08 10:50:00,
928,2019-09-08 11:00:00,
929,2019-09-08 11:10:00,
930,2019-09-08 11:20:00,
931,2019-09-08 11:30:00,
932,2019-09-08 11:40:00,
933,2019-09-08 11:50:00,
934,2019-09-08 12:00:00,
935,2019-09-08 12:10:00,
936,2019-09-08 12:20:00,
937,2019-09-08 12:30:00,
938,2019-09-08 12:40:00,
939,2019-09-08 12:50:00,
940,2019-09-08 13:00:00,
941,2019-09-08 13:10:00,
942,2019-09-08 13:20:00,
943,2019-09-08 13:30:00,
944,2019-09-08 13:40:00,
945,2019-09-08 13:50:00,
946,2019-09-08 14:00:00,
947,2019-09-08 14:10:00,
948,2019-09-08 14:20:00,
949,2019-09-08 14:30:00,
950,2019-09-08 14:40:00,
951,2019-09-08 14:50:00,
952,2019-09-08 15:00:00,
953,2019-09-08 15:10:00,
954,2019-09-08 15:20:00,
955,2019-09-08 15:30:00,
956,2019-09-08 15:40:00,
957,2019-09-08 15:50:00,
958,2019-09-08 16:00:00,
959,2019-09-08 16:10:00,
960,2019-09-08 16:20:00,
961,2019-09-08 16:30:00,
962,2019-09-08 16:40:00,
963,2019-09-08 16:50:00,
964,2019-09-08 17:00:00,
965,2019-09-08 17:10:00,
966,2019-09-08 17:20:00,
967,2019-09-08 17:30:00,
968,2019-09-08 17:40:00,
969,2019-09-08 17:50:00,
970,2019-09-08 18:00:00,
971,2019-09-08 18:10:00,
972,2019-09-08 18:20:00,
973,2019-09-08 18:30:00,
974,2019-09-08 18:40:00,
975,2019-09-08 18:50:00,
976,2019-09-08 19:00:00,
977,2019-09-08 19:10:00,
978,2019-09-08 19:20:00,
979,2019-09-08 19:30:00,
980,2019-09-08 19:40:00,
981,2019-09-08 19:50:00,
982,2019-09-08 20:00:00,
983,2019-09-08 20:10:00,
984,2019-09-08 20:20:00,
985,2019-09-08 20:30:00,
986,2019-09-08 20:40:00,
987,2019-09-08 20:50:00,
988,2019-09-08 21:00:00,
989,2019-09-08 21:10:00,
990,2019-09-08 21:20:00,
991,2019-09-08 21:30:00,
992,2019-09-08 21:40:00,
993,2019-09-08 21:50:00,
994,2019-09-08 22:00:00,
995,2019-09-08 22:10:00,
996,2019-09-08 22:20:00,
997,2019-09-08 22:30:00,
998,2019-09-08 22:40:00,
999,2019-09-08 22:50:00,
1000,2019-09-08 23:00:00,
1001,2019-09-08 23:10:00,
1002,2019-09-08 23:20:00,
1003,2019-09-08 23:30:00,
1004,2019-09-08 23:40:00,
1005,2019-09-08 23:50:00,
1006,2019-09-09 00:00:00,
1007,2019-09-09 00:10:00,
1008,2019-09-09 00:20:00,
1009,2019-09-09 00:30:00,
1010,2019-09-09 00:40:00,
1011,2019-09-09 00:50:00,
1012,2019-09-09 01:00:00,
1013,2019-09-09 01:10:00,
1014,2019-09-09 01:20:00,
1015,2019-09-09 01:30:00,
1016,2019-09-09 01:40:00,
1017,2019-09-09 01:50:00,
1018,2019-09-09 02:00:00,
1019,2019-09-09 02:10:00,
1020,2019-09-09 02:20:00,
1021,2019-09-09 02:30:00,
1022,2019-09-09 02:40:00,
1023,2019-09-09 02:50:00,
1024,2019-09-09 03:00:00,
1025,2019-09-09 03:10:00,
1026,2019-09-09 03:20:00,
1027,2019-09-09 03:30:00,
1028,2019-09-09 03:40:00,
1029,2019-09-09 03:50:00,
1030,2019-09-09 04:00:00,
1031,2019-09-09 04:10:00,
1032,2019-09-09 04:20:00,
1033,2019-09-09 04:30:00,
1034,2019-09-09 04:40:00,
1035,2019-09-09 04:50:00,
1036,2019-09-09 05:00:00,
1037,2019-09-09 05:10:00,
1038,2019-09-09 05:20:00,
1039,2019-09-09 05:30:00,
1040,2019-09-09 05:40:00,
1041,2019-09-09 05:50:00,
1042,2019-09-09 06:00:00,
1043,2019-09-09 06:10:00,
1044,2019-09-09 06:20:00,
1045,2019-09-09 06:30:00,
1046,2019-09-09 06:40:00,
1047,2019-09-09 06:50:00,
1048,2019-09-09 07:00:00,
1049,2019-09-09 07:10:00,
1050,2019-09-09 07:20:00,
1051,2019-09-09 07:30:00,
1052,2019-09-09 07:40:00,
1053,2019-09-09 07:50:00,
1054,2019-09-09 08:00:00,
1055,2019-09-09 08:10:00,
1056,2019-09-09 08:20:00,
1057,2019-09-09 08:30:00,
1058,2019-09-09 08:40:00,
1059,2019-09-09 08:50:00,
1060,2019-09-09 09:00:00,
1061,2019-09-09 09:10:00,
1062,2019-09-09 09:20:00,
1063,2019-09-09 09:30:00,
1064,2019-09-09 09:40:00,
1065,2019-09-09 09:50:00,
1066,2019-09-09 10:00:00,
1067,2019-09-09 10:10:00,
1068,2019-09-09 10:20:00,
1069,2019-09-09 10:30:00,
1070,2019-09-09 10:40:00,
1071,2019-09-09 10:50:00,
1072,2019-09-09 11:00:00,
1073,2019-09-09 11:10:00,
1074,2019-09-09 11:20:00,
1075,2019-09-09 11:30:00,
1076,2019-09-09 11:40:00,
1077,2019-09-09 11:50:00,
1078,2019-09-09 12:00:00,
1079,2019-09-09 12:10:00,
1080,2019-09-09 12:20:00,
1081,2019-09-09 12:30:00,
1082,2019-09-09 12:40:00,
1083,2019-09-09 12:50:00,
1084,2019-09-09 13:00:00,
1085,2019-09-09 13:10:00,
1086,2019-09-09 13:20:00,
1087,2019-09-09 13:30:00,
1088,2019-09-09 13:40:00,
1089,2019-09-09 13:50:00,
1090,2019-09-09 14:00:00,
1091,2019-09-09 14:10:00,
1092,2019-09-09 14:20:00,
1093,2019-09-09 14:30:00,
1094,2019-09-09 14:40:00,
1095,2019-09-09 14:50:00,
1096,2019-09-09 15:00:00,
1097,2019-09-09 15:10:00,
1098,2019-09-09 15:20:00,
1099,2019-09-09 15:30:00,
1100,2019-09-09 15:40:00,
1101,2019-09-09 15:50:00,
1102,2019-09-09 16:00:00,
1103,2019-09-09 16:10:00,
1104,2019-09-09 16:20:00,
1105,2019-09-09 16:30:00,
1106,2019-09-09 16:40:00,
1107,2019-09-09 16:50:00,
1108,2019-09-09 17:00:00,
1109,2019-09-09 17:10:00,
1110,2019-09-09 17:20:00,
1111,2019-09-09 17:30:00,
1112,2019-09-09 17:40:00,
1113,2019-09-09 17:50:00,
1114,2019-09-09 18:00:00,
1115,2019-09-09 18:10:00,
1116,2019-09-09 18:20:00,
1117,2019-09-09 18:30:00,
1118,2019-09-09 18:40:00,
1119,2019-09-09 18:50:00,
1120,2019-09-09 19:00:00,
1121,2019-09-09 19:10:00,
1122,2019-09-09 19:20:00,
1123,2019-09-09 19:30:00,
1124,2019-09-09 19:40:00,
1125,2019-09-09 19:50:00,
1126,2019-09-09 20:00:00,
1127,2019-09-09 20:10:00,
1128,2019-09-09 20:20:00,
1129,2019-09-09 20:30:00,
1130,2019-09-09 20:40:00,
1131,2019-09-09 20:50:00,
1132,2019-09-09 21:00:00,
1133,2019-09-09 21:10:00,
1134,2019-09-09 21:20:00,
1135,2019-09-09 21:30:00,
1136,2019-09-09 21:40:00,
1137,2019-09-09 21:50:00,
1138,2019-09-09 22:00:00,
1139,2019-09-09 22:10:00,
1140,2019-09-09 22:20:00,
1141,2019-09-09 22:30:00,
1142,2019-09-09 22:40:00,
1143,2019-09-09 22:50:00,
1144,2019-09-09 23:00:00,
1145,2019-09-09 23:10:00,
1146,2019-09-09 23:20:00,
1147,2019-09-09 23:30:00,
1148,2019-09-09 23:40:00,
1149,2019-09-09 23:50:00,
1150,2019-09-10 00:00:00,
1151,2019-09-10 00:10:00,
1152,2019-09-10 00:20:00,
1153,2019-09-10 00:30:00,
1154,2019-09-10 00:40:00,
1155,2019-09-10 00:50:00,
1156,2019-09-10 01:00:00,
1157,2019-09-10 01:10:00,
1158,2019-09-10 01:20:00,
1159,2019-09-10 01:30:00,
1160,2019-09-10 01:40:00,
1161,2019-09-10 01:50:00,
1162,2019-09-10 02:00:00,
1163,2019-09-10 02:10:00,
1164,2019-09-10 02:20:00,
1165,2019-09-10 02:30:00,
1166,2019-09-10 02:40:00,
1167,2019-09-10 02:50:00,
1168,2019-09-10 03:00:00,
1169,2019-09-10 03:10:00,
1170,2019-09-10 03:20:00,
1171,2019-09-10 03:30:00,
1172,2019-09-10 03:40:00,
1173,2019-09-10 03:50:00,
1174,2019-09-10 04:00:00,
1175,2019-09-10 04:10:00,
1176,2019-09-10 04:20:00,
1177,2019-09-10 04:30:00,
1178,2019-09-10 04:40:00,
1179,2019-09-10 04:50:00,
1180,2019-09-10 05:00:00,
1181,2019-09-10 05:10:00,
1182,2019-09-10 05:20:00,
1183,2019-09-10 05:30:00,
1184,2019-09-10 05:40:00,
1185,2019-09-10 05:50:00,
1186,2019-09-10 06:00:00,
1187,2019-09-10 06:10:00,
1188,2019-09-10 06:20:00,
1189,2019-09-10 06:30:00,
1190,2019-09-10 06:40:00,
1191,2019-09-10 06:50:00,
1192,2019-09-10 07:00:00,
1193,2019-09-10 07:10:00,
1194,2019-09-10 07:20:00,
1195,2019-09-10 07:30:00,
1196,2019-09-10 07:40:00,
1197,2019-09-10 07:50:00,
1198,2019-09-10 08:00:00,
1199,2019-09-10 08:10:00,
1200,2019-09-10 08:20:00,
1201,2019-09-10 08:30:00,
1202,2019-09-10 08:40:00,
1203,2019-09-10 08:50:00,
1204,2019-09-10 09:00:00,
1205,2019-09-10 09:10:00,
1206,2019-09-10 09:20:00,
1207,2019-09-10 09:30:00,
1208,2019-09-10 09:40:00,
1209,2019-09-10 09:50:00,
1210,2019-09-10 10:00:00,
1211,2019-09-10 10:10:00,
1212,2019-09-10 10:20:00,
1213,2019-09-10 10:30:00,
1214,2019-09-10 10:40:00,
1215,2019-09-10 10:50:00,
1216,2019-09-10 11:00:00,
1217,2019-09-10 11:10:00,
1218,2019-09-10 11:20:00,
1219,2019-09-10 11:30:00,
1220,2019-09-10 11:40:00,
1221,2019-09-10 11:50:00,
1222,2019-09-10 12:00:00,
1223,2019-09-10 12:10:00,
1224,2019-09-10 12:20:00,
1225,2019-09-10 12:30:00,
1226,2019-09-10 12:40:00,
1227,2019-09-10 12:50:00,
1228,2019-09-10 13:00:00,
1229,2019-09-10 13:10:00,
1230,2019-09-10 13:20:00,
1231,2019-09-10 13:30:00,
1232,2019-09-10 13:40:00,
1233,2019-09-10 13:50:00,
1234,2019-09-10 14:00:00,
1235,2019-09-10 14:10:00,
1236,2019-09-10 14:20:00,
1237,2019-09-10 14:30:00,
1238,2019-09-10 14:40:00,
1239,2019-09-10 14:50:00,
1240,2019-09-10 15:00:00,
1241,2019-09-10 15:10:00,
1242,2019-09-10 15:20:00,
1243,2019-09-10 15:30:00,
1244,2019-09-10 15:40:00,
1245,2019-09-10 15:50:00,
1246,2019-09-10 16:00:00,
1247,2019-09-10 16:10:00,
1248,2019-09-10 16:20:00,
1249,2019-09-10 16:30:00,
1250,2019-09-10 16:40:00,
1251,2019-09-10 16:50:00,
1252,2019-09-10 17:00:00,
1253,2019-09-10 17:10:00,
1254,2019-09-10 17:20:00,
1255,2019-09-10 17:30:00,
1256,2019-09-10 17:40:00,
1257,2019-09-10 17:50:00,
1258,2019-09-10 18:00:00,
1259,2019-09-10 18:10:00,
1260,2019-09-10 18:20:00,
1261,2019-09-10 18:30:00,
1262,2019-09-10 18:40:00,
1263,2019-09-10 18:50:00,
1264,2019-09-10 19:00:00,
1265,2019-09-10 19:10:00,
1266,2019-09-10 19:20:00,
1267,2019-09-10 19:30:00,
1268,2019-09-10 19:40:00,
1269,2019-09-10 19:50:00,
1270,2019-09-10 20:00:00,
1271,2019-09-10 20:10:00,
1272,2019-09-10 20:20:00,
1273,2019-09-10 20:30:00,
1274,2019-09-10 20:40:00,
1275,2019-09-10 20:50:00,
1276,2019-09-10 21:00:00,
1277,2019-09-10 21:10:00,
1278,2019-09-10 21:20:00,
1279,2019-09-10 21:30:00,
1280,2019-09-10 21:40:00,
1281,2019-09-10 21:50:00,
1282,2019-09-10 22:00:00,
1283,2019-09-10 22:10:00,
1284,2019-09-10 22:20:00,
1285,2019-09-10 22:30:00,
1286,2019-09-10 22:40:00,
1287,2019-09-10 22:50:00,
1288,2019-09-10 23:00:00,
1289,2019-09-10 23:10:00,
1290,2019-09-10 23:20:00,
1291,2019-09-10 23:30:00,
1292,2019-09-10 23:40:00,
1293,2019-09-10 23:50:00,
1294,2019-09-11 00:00:00,
1295,2019-09-11 00:10:00,
1296,2019-09-11 00:20:00,
1297,2019-09-11 00:30:00,4.6582723
1298,2019-09-11 00:40:00,4.6582723
1299,2019-09-11 00:50:00,4.6582723
1300,2019-09-11 01:00:00,4.6582723
1301,2019-09-11 01:10:00,4.6582723
1302,2019-09-11 01:20:00,6.564795
1303,2019-09-11 01:30:00,4.6582723
1304,2019-09-11 01:40:00,4.6582723
1305,2019-09-11 01:50:00,4.6582723
1306,2019-09-11 02:00:00,6.022727
1307,2019-09-11 02:10:00,4.6582723
1308,2019-09-11 02:20:00,5.323799
1309,2019-09-11 02:30:00,4.6582723
1310,2019-09-11 02:40:00,4.6582723
1311,2019-09-11 02:50:00,4.6582723
1312,2019-09-11 03:00:00,4.6582723
1313,2019-09-11 03:10:00,4.6582723
1314,2019-09-11 03:20:00,4.6582723
1315,2019-09-11 03:30:00,4.6582723
1316,2019-09-11 03:40:00,4.6582723
1317,2019-09-11 03:50:00,4.6582723
1318,2019-09-11 04:00:00,4.794387
1319,2019-09-11 04:10:00,5.512671
1320,2019-09-11 04:20:00,4.848889
1321,2019-09-11 04:30:00,4.997327
1322,2019-09-11 04:40:00,4.6582723
1323,2019-09-11 04:50:00,4.6582723
1324,2019-09-11 05:00:00,4.6582723
1325,2019-09-11 05:10:00,4.6582723
1326,2019-09-11 05:20:00,4.6582723
1327,2019-09-11 05:30:00,4.6582723
1328,2019-09-11 05:40:00,4.6582723
1329,2019-09-11 05:50:00,5.008205
1330,2019-09-11 06:00:00,5.5225863
1331,2019-09-11 06:10:00,7.638936
1332,2019-09-11 06:20:00,14.158973
1333,2019-09-11 06:30:00,13.210787
1334,2019-09-11 06:40:00,13.866006
1335,2019-09-11 06:50:00,4.6582723
1336,2019-09-11 07:00:00,4.6582723
1337,2019-09-11 07:10:00,4.6582723
1338,2019-09-11 07:20:00,4.6582723
1339,2019-09-11 07:30:00,4.6582723
1340,2019-09-11 07:40:00,4.6582723
1341,2019-09-11 07:50:00,4.6582723
1342,2019-09-11 08:00:00,4.6582723
1343,2019-09-11 08:10:00,4.6582723
1344,2019-09-11 08:20:00,4.6582723
1345,2019-09-11 08:30:00,4.6582723
1346,2019-09-11 08:40:00,4.6582723
1347,2019-09-11 08:50:00,4.6582723
1348,2019-09-11 09:00:00,4.6582723
1349,2019-09-11 09:10:00,4.59636
1350,2019-09-11 09:20:00,4.2874913
1351,2019-09-11 09:30:00,4.059958
1352,2019-09-11 09:40:00,4.0269547
1353,2019-09-11 09:50:00,3.8357646
1354,2019-09-11 10:00:00,3.437811
1355,2019-09-11 10:10:00,3.3677237
1356,2019-09-11 10:20:00,3.1519666
1357,2019-09-11 10:30:00,2.8450663
1358,2019-09-11 10:40:00,2.5572095
1359,2019-09-11 10:50:00,2.321686
1360,2019-09-11 11:00:00,2.0266695
1361,2019-09-11 11:10:00,1.8748806
1362,2019-09-11 11:20:00,1.9226468
1363,2019-09-11 11:30:00,1.8496343
1364,2019-09-11 11:40:00,1.1466151
1365,2019-09-11 11:50:00,0.7057824
1366,2019-09-11 12:00:00,0.34505665
1367,2019-09-11 12:10:00,0.028743947
1368,2019-09-11 12:20:00,0.41058227
1369,2019-09-11 12:30:00,0.6316563
1370,2019-09-11 12:40:00,0.5807494
1371,2019-09-11 12:50:00,0.5396343
1372,2019-09-11 13:00:00,0.2723868
1373,2019-09-11 13:10:00,0.34732234
1374,2019-09-11 13:20:00,0.23613389
1375,2019-09-11 13:30:00,0.5983708
1376,2019-09-11 13:40:00,0.023389215
1377,2019-09-11 13:50:00,1.426553
1378,2019-09-11 14:00:00,0.83630013
1379,2019-09-11 14:10:00,1.4633797
1380,2019-09-11 14:20:00,0.43379182
1381,2019-09-11 14:30:00,2.1391578
1382,2019-09-11 14:40:00,1.5549083
1383,2019-09-11 14:50:00,2.2082863
1384,2019-09-11 15:00:00,2.1309087
1385,2019-09-11 15:10:00,2.516467
1386,2019-09-11 15:20:00,2.0039766
1387,2019-09-11 15:30:00,2.4345458
1388,2019-09-11 15:40:00,1.747365
1389,2019-09-11 15:50:00,2.1319497
1390,2019-09-11 16:00:00,1.595605
1391,2019-09-11 16:10:00,0.8576438
1392,2019-09-11 16:20:00,0.0041820807
1393,2019-09-11 16:30:00,0.6260194
1394,2019-09-11 16:40:00,0.6860639
1395,2019-09-11 16:50:00,0.62017435
1396,2019-09-11 17:00:00,0.5203735
1397,2019-09-11 17:10:00,0.47187394
1398,2019-09-11 17:20:00,0.45927984
1399,2019-09-11 17:30:00,0.19669043
1400,2019-09-11 17:40:00,0.008717481
1401,2019-09-11 17:50:00,0.28347445
1402,2019-09-11 18:00:00,0.59525836
1403,2019-09-11 18:10:00,0.760537
1404,2019-09-11 18:20:00,0.9642787
1405,2019-09-11 18:30:00,1.3107839
1406,2019-09-11 18:40:00,1.6374303
1407,2019-09-11 18:50:00,1.8640811
1408,2019-09-11 19:00:00,2.265571
1409,2019-09-11 19:10:00,2.5764723
1410,2019-09-11 19:20:00,2.793669
1411,2019-09-11 19:30:00,3.2733898
1412,2019-09-11 19:40:00,3.3837771
1413,2019-09-11 19:50:00,3.4661036
1414,2019-09-11 20:00:00,3.6830533
1415,2019-09-11 20:10:00,4.0869584
1416,2019-09-11 20:20:00,4.259709
1417,2019-09-11 20:30:00,4.330229
1418,2019-09-11 20:40:00,4.6582723
1419,2019-09-11 20:50:00,4.6582723
1420,2019-09-11 21:00:00,4.6582723
1421,2019-09-11 21:10:00,4.6582723
1422,2019-09-11 21:20:00,4.6582723
1423,2019-09-11 21:30:00,4.6582723
1424,2019-09-11 21:40:00,4.6582723
1425,2019-09-11 21:50:00,4.6582723
1426,2019-09-11 22:00:00,4.6582723
1427,2019-09-11 22:10:00,4.6582723
1428,2019-09-11 22:20:00,4.6582723
1429,2019-09-11 22:30:00,4.6582723
1430,2019-09-11 22:40:00,4.6582723
1431,2019-09-11 22:50:00,4.6582723
1432,2019-09-11 23:00:00,4.6582723
1433,2019-09-11 23:10:00,4.6582723
1434,2019-09-11 23:20:00,4.6582723
1435,2019-09-11 23:30:00,4.6582723
1436,2019-09-11 23:40:00,4.6582723
1437,2019-09-11 23:50:00,4.6582723
1438,2019-09-12 00:00:00,4.6582723
1439,2019-09-12 00:10:00,
1440,2019-09-12 00:20:00,
1441,2019-09-12 00:30:00,
1442,2019-09-12 00:40:00,
1443,2019-09-12 00:50:00,
1444,2019-09-12 01:00:00,
1445,2019-09-12 01:10:00,
1446,2019-09-12 01:20:00,
1447,2019-09-12 01:30:00,
1448,2019-09-12 01:40:00,
1449,2019-09-12 01:50:00,
1450,2019-09-12 02:00:00,
1451,2019-09-12 02:10:00,
1452,2019-09-12 02:20:00,
1453,2019-09-12 02:30:00,
1454,2019-09-12 02:40:00,
1455,2019-09-12 02:50:00,
1456,2019-09-12 03:00:00,
1457,2019-09-12 03:10:00,
1458,2019-09-12 03:20:00,
1459,2019-09-12 03:30:00,
1460,2019-09-12 03:40:00,
1461,2019-09-12 03:50:00,
1462,2019-09-12 04:00:00,
1463,2019-09-12 04:10:00,
1464,2019-09-12 04:20:00,
1465,2019-09-12 04:30:00,
1466,2019-09-12 04:40:00,
1467,2019-09-12 04:50:00,
1468,2019-09-12 05:00:00,
1469,2019-09-12 05:10:00,
1470,2019-09-12 05:20:00,
1471,2019-09-12 05:30:00,
1472,2019-09-12 05:40:00,
1473,2019-09-12 05:50:00,
1474,2019-09-12 06:00:00,
1475,2019-09-12 06:10:00,
1476,2019-09-12 06:20:00,
1477,2019-09-12 06:30:00,
1478,2019-09-12 06:40:00,
1479,2019-09-12 06:50:00,
1480,2019-09-12 07:00:00,
1481,2019-09-12 07:10:00,
1482,2019-09-12 07:20:00,
1483,2019-09-12 07:30:00,
1484,2019-09-12 07:40:00,
1485,2019-09-12 07:50:00,
1486,2019-09-12 08:00:00,
1487,2019-09-12 08:10:00,
1488,2019-09-12 08:20:00,
1489,2019-09-12 08:30:00,
1490,2019-09-12 08:40:00,
1491,2019-09-12 08:50:00,
1492,2019-09-12 09:00:00,
1493,2019-09-12 09:10:00,
1494,2019-09-12 09:20:00,
1495,2019-09-12 09:30:00,
1496,2019-09-12 09:40:00,
1497,2019-09-12 09:50:00,
1498,2019-09-12 10:00:00,
1499,2019-09-12 10:10:00,
1500,2019-09-12 10:20:00,
1501,2019-09-12 10:30:00,
1502,2019-09-12 10:40:00,
1503,2019-09-12 10:50:00,
1504,2019-09-12 11:00:00,
1505,2019-09-12 11:10:00,
1506,2019-09-12 11:20:00,
1507,2019-09-12 11:30:00,
1508,2019-09-12 11:40:00,
1509,2019-09-12 11:50:00,
1510,2019-09-12 12:00:00,
1511,2019-09-12 12:10:00,
1512,2019-09-12 12:20:00,
1513,2019-09-12 12:30:00,
1514,2019-09-12 12:40:00,
1515,2019-09-12 12:50:00,
1516,2019-09-12 13:00:00,
1517,2019-09-12 13:10:00,
1518,2019-09-12 13:20:00,
1519,2019-09-12 13:30:00,
1520,2019-09-12 13:40:00,
1521,2019-09-12 13:50:00,
1522,2019-09-12 14:00:00,
1523,2019-09-12 14:10:00,
1524,2019-09-12 14:20:00,
1525,2019-09-12 14:30:00,
1526,2019-09-12 14:40:00,
1527,2019-09-12 14:50:00,
1528,2019-09-12 15:00:00,
1529,2019-09-12 15:10:00,
1530,2019-09-12 15:20:00,
1531,2019-09-12 15:30:00,
1532,2019-09-12 15:40:00,
1533,2019-09-12 15:50:00,
1534,2019-09-12 16:00:00,
1535,2019-09-12 16:10:00,
1536,2019-09-12 16:20:00,
1537,2019-09-12 16:30:00,
1538,2019-09-12 16:40:00,
1539,2019-09-12 16:50:00,
1540,2019-09-12 17:00:00,
1541,2019-09-12 17:10:00,
1542,2019-09-12 17:20:00,
1543,2019-09-12 17:30:00,
1544,2019-09-12 17:40:00,
1545,2019-09-12 17:50:00,
1546,2019-09-12 18:00:00,
1547,2019-09-12 18:10:00,
1548,2019-09-12 18:20:00,
1549,2019-09-12 18:30:00,
1550,2019-09-12 18:40:00,
1551,2019-09-12 18:50:00,
1552,2019-09-12 19:00:00,
1553,2019-09-12 19:10:00,
1554,2019-09-12 19:20:00,
1555,2019-09-12 19:30:00,
1556,2019-09-12 19:40:00,
1557,2019-09-12 19:50:00,
1558,2019-09-12 20:00:00,
1559,2019-09-12 20:10:00,
1560,2019-09-12 20:20:00,
1561,2019-09-12 20:30:00,
1562,2019-09-12 20:40:00,
1563,2019-09-12 20:50:00,
1564,2019-09-12 21:00:00,
1565,2019-09-12 21:10:00,
1566,2019-09-12 21:20:00,
1567,2019-09-12 21:30:00,
1568,2019-09-12 21:40:00,
1569,2019-09-12 21:50:00,
1570,2019-09-12 22:00:00,
1571,2019-09-12 22:10:00,
1572,2019-09-12 22:20:00,
1573,2019-09-12 22:30:00,
1574,2019-09-12 22:40:00,
1575,2019-09-12 22:50:00,
1576,2019-09-12 23:00:00,
1577,2019-09-12 23:10:00,
1578,2019-09-12 23:20:00,
1579,2019-09-12 23:30:00,
1580,2019-09-12 23:40:00,
1581,2019-09-12 23:50:00,
1582,2019-09-13 00:00:00,
1583,2019-09-13 00:10:00,
1584,2019-09-13 00:20:00,
1585,2019-09-13 00:30:00,
1586,2019-09-13 00:40:00,
1587,2019-09-13 00:50:00,
1588,2019-09-13 01:00:00,
1589,2019-09-13 01:10:00,
1590,2019-09-13 01:20:00,
1591,2019-09-13 01:30:00,
1592,2019-09-13 01:40:00,
1593,2019-09-13 01:50:00,
1594,2019-09-13 02:00:00,
1595,2019-09-13 02:10:00,
1596,2019-09-13 02:20:00,
1597,2019-09-13 02:30:00,
1598,2019-09-13 02:40:00,
1599,2019-09-13 02:50:00,
1600,2019-09-13 03:00:00,
1601,2019-09-13 03:10:00,
1602,2019-09-13 03:20:00,
1603,2019-09-13 03:30:00,
1604,2019-09-13 03:40:00,
1605,2019-09-13 03:50:00,
1606,2019-09-13 04:00:00,
1607,2019-09-13 04:10:00,
1608,2019-09-13 04:20:00,
1609,2019-09-13 04:30:00,
1610,2019-09-13 04:40:00,
1611,2019-09-13 04:50:00,
1612,2019-09-13 05:00:00,
1613,2019-09-13 05:10:00,
1614,2019-09-13 05:20:00,
1615,2019-09-13 05:30:00,
1616,2019-09-13 05:40:00,
1617,2019-09-13 05:50:00,
1618,2019-09-13 06:00:00,
1619,2019-09-13 06:10:00,
1620,2019-09-13 06:20:00,
1621,2019-09-13 06:30:00,
1622,2019-09-13 06:40:00,
1623,2019-09-13 06:50:00,
1624,2019-09-13 07:00:00,
1625,2019-09-13 07:10:00,
1626,2019-09-13 07:20:00,
1627,2019-09-13 07:30:00,
1628,2019-09-13 07:40:00,
1629,2019-09-13 07:50:00,
1630,2019-09-13 08:00:00,
1631,2019-09-13 08:10:00,
1632,2019-09-13 08:20:00,
1633,2019-09-13 08:30:00,
1634,2019-09-13 08:40:00,
1635,2019-09-13 08:50:00,
1636,2019-09-13 09:00:00,
1637,2019-09-13 09:10:00,
1638,2019-09-13 09:20:00,
1639,2019-09-13 09:30:00,
1640,2019-09-13 09:40:00,
1641,2019-09-13 09:50:00,
1642,2019-09-13 10:00:00,
1643,2019-09-13 10:10:00,
1644,2019-09-13 10:20:00,
1645,2019-09-13 10:30:00,
1646,2019-09-13 10:40:00,
1647,2019-09-13 10:50:00,
1648,2019-09-13 11:00:00,
1649,2019-09-13 11:10:00,
1650,2019-09-13 11:20:00,
1651,2019-09-13 11:30:00,
1652,2019-09-13 11:40:00,
1653,2019-09-13 11:50:00,
1654,2019-09-13 12:00:00,
1655,2019-09-13 12:10:00,
1656,2019-09-13 12:20:00,
1657,2019-09-13 12:30:00,
1658,2019-09-13 12:40:00,
1659,2019-09-13 12:50:00,
1660,2019-09-13 13:00:00,
1661,2019-09-13 13:10:00,
1662,2019-09-13 13:20:00,
1663,2019-09-13 13:30:00,
1664,2019-09-13 13:40:00,
1665,2019-09-13 13:50:00,
1666,2019-09-13 14:00:00,
1667,2019-09-13 14:10:00,
1668,2019-09-13 14:20:00,
1669,2019-09-13 14:30:00,
1670,2019-09-13 14:40:00,
1671,2019-09-13 14:50:00,
1672,2019-09-13 15:00:00,
1673,2019-09-13 15:10:00,
1674,2019-09-13 15:20:00,
1675,2019-09-13 15:30:00,
1676,2019-09-13 15:40:00,
1677,2019-09-13 15:50:00,
1678,2019-09-13 16:00:00,
1679,2019-09-13 16:10:00,
1680,2019-09-13 16:20:00,
1681,2019-09-13 16:30:00,
1682,2019-09-13 16:40:00,
1683,2019-09-13 16:50:00,
1684,2019-09-13 17:00:00,
1685,2019-09-13 17:10:00,
1686,2019-09-13 17:20:00,
1687,2019-09-13 17:30:00,
1688,2019-09-13 17:40:00,
1689,2019-09-13 17:50:00,
1690,2019-09-13 18:00:00,
1691,2019-09-13 18:10:00,
1692,2019-09-13 18:20:00,
1693,2019-09-13 18:30:00,
1694,2019-09-13 18:40:00,
1695,2019-09-13 18:50:00,
1696,2019-09-13 19:00:00,
1697,2019-09-13 19:10:00,
1698,2019-09-13 19:20:00,
1699,2019-09-13 19:30:00,
1700,2019-09-13 19:40:00,
1701,2019-09-13 19:50:00,
1702,2019-09-13 20:00:00,
1703,2019-09-13 20:10:00,
1704,2019-09-13 20:20:00,
1705,2019-09-13 20:30:00,
1706,2019-09-13 20:40:00,
1707,2019-09-13 20:50:00,
1708,2019-09-13 21:00:00,
1709,2019-09-13 21:10:00,
1710,2019-09-13 21:20:00,
1711,2019-09-13 21:30:00,
1712,2019-09-13 21:40:00,
1713,2019-09-13 21:50:00,
1714,2019-09-13 22:00:00,
1715,2019-09-13 22:10:00,
1716,2019-09-13 22:20:00,
1717,2019-09-13 22:30:00,
1718,2019-09-13 22:40:00,
1719,2019-09-13 22:50:00,
1720,2019-09-13 23:00:00,
1721,2019-09-13 23:10:00,
1722,2019-09-13 23:20:00,
1723,2019-09-13 23:30:00,
1724,2019-09-13 23:40:00,
1725,2019-09-13 23:50:00,
1726,2019-09-14 00:00:00,
1727,2019-09-14 00:10:00,
1728,2019-09-14 00:20:00,4.6582723
1729,2019-09-14 00:30:00,4.6582723
1730,2019-09-14 00:40:00,4.6582723
1731,2019-09-14 00:50:00,4.6582723
1732,2019-09-14 01:00:00,4.6582723
1733,2019-09-14 01:10:00,4.6582723
1734,2019-09-14 01:20:00,4.6582723
1735,2019-09-14 01:30:00,4.6582723
1736,2019-09-14 01:40:00,4.6582723
1737,2019-09-14 01:50:00,4.6582723
1738,2019-09-14 02:00:00,4.6582723
1739,2019-09-14 02:10:00,4.6582723
1740,2019-09-14 02:20:00,4.6582723
1741,2019-09-14 02:30:00,4.6582723
1742,2019-09-14 02:40:00,4.6582723
1743,2019-09-14 02:50:00,4.6582723
1744,2019-09-14 03:00:00,4.6582723
1745,2019-09-14 03:10:00,4.6582723
1746,2019-09-14 03:20:00,4.6582723
1747,2019-09-14 03:30:00,4.6582723
1748,2019-09-14 03:40:00,4.6582723
1749,2019-09-14 03:50:00,4.6582723
1750,2019-09-14 04:00:00,4.6582723
1751,2019-09-14 04:10:00,4.6582723
1752,2019-09-14 04:20:00,5.112691
1753,2019-09-14 04:30:00,4.886728
1754,2019-09-14 04:40:00,4.783522
1755,2019-09-14 04:50:00,4.6582723
1756,2019-09-14 05:00:00,4.6582723
1757,2019-09-14 05:10:00,4.6582723
1758,2019-09-14 05:20:00,4.6582723
1759,2019-09-14 05:30:00,4.6582723
1760,2019-09-14 05:40:00,4.6582723
1761,2019-09-14 05:50:00,4.6582723
1762,2019-09-14 06:00:00,8.717683
1763,2019-09-14 06:10:00,26.686396
1764,2019-09-14 06:20:00,42.434254
1765,2019-09-14 06:30:00,47.44456
1766,2019-09-14 06:40:00,32.579197
1767,2019-09-14 06:50:00,21.333279
1768,2019-09-14 07:00:00,11.476496
1769,2019-09-14 07:10:00,4.6582723
1770,2019-09-14 07:20:00,4.6582723
1771,2019-09-14 07:30:00,4.6582723
1772,2019-09-14 07:40:00,4.6582723
1773,2019-09-14 07:50:00,4.6582723
1774,2019-09-14 08:00:00,4.6582723
1775,2019-09-14 08:10:00,4.6582723
1776,2019-09-14 08:20:00,4.6582723
1777,2019-09-14 08:30:00,4.6582723
1778,2019-09-14 08:40:00,4.6582723
1779,2019-09-14 08:50:00,4.6582723
1780,2019-09-14 09:00:00,4.6582723
1781,2019-09-14 09:10:00,4.6582723
1782,2019-09-14 09:20:00,4.6582723
1783,2019-09-14 09:30:00,4.6582723
1784,2019-09-14 09:40:00,4.6582723
1785,2019-09-14 09:50:00,4.6582723
1786,2019-09-14 10:00:00,4.6582723
1787,2019-09-14 10:10:00,4.6582723
1788,2019-09-14 10:20:00,4.6582723
1789,2019-09-14 10:30:00,4.6582723
1790,2019-09-14 10:40:00,4.6582723
1791,2019-09-14 10:50:00,4.6582723
1792,2019-09-14 11:00:00,4.6582723
1793,2019-09-14 11:10:00,4.6582723
1794,2019-09-14 11:20:00,4.6582723
1795,2019-09-14 11:30:00,4.3108296
1796,2019-09-14 11:40:00,3.7359023
1797,2019-09-14 11:50:00,3.182369
1798,2019-09-14 12:00:00,2.9369652
1799,2019-09-14 12:10:00,2.0873725
1800,2019-09-14 12:20:00,1.6753033
1801,2019-09-14 12:30:00,1.0074898
1802,2019-09-14 12:40:00,0.54412866
1803,2019-09-14 12:50:00,0.21870522
1804,2019-09-14 13:00:00,0.17161308
1805,2019-09-14 13:10:00,0.027024271
1806,2019-09-14 13:20:00,0.47402677
1807,2019-09-14 13:30:00,0.6185112
1808,2019-09-14 13:40:00,0.6028883
1809,2019-09-14 13:50:00,0.58771634
1810,2019-09-14 14:00:00,0.542739
1811,2019-09-14 14:10:00,0.18719992
1812,2019-09-14 14:20:00,0.13363227
1813,2019-09-14 14:30:00,0.05180459
1814,2019-09-14 14:40:00,0.093756914
1815,2019-09-14 14:50:00,0.33980292
1816,2019-09-14 15:00:00,0.40337628
1817,2019-09-14 15:10:00,0.66525596
1818,2019-09-14 15:20:00,0.64708775
1819,2019-09-14 15:30:00,0.18326357
1820,2019-09-14 15:40:00,0.5302561
1821,2019-09-14 15:50:00,0.4298518
1822,2019-09-14 16:00:00,0.35808927
1823,2019-09-14 16:10:00,0.2983338
1824,2019-09-14 16:20:00,0.26864386
1825,2019-09-14 16:30:00,0.09992174
1826,2019-09-14 16:40:00,0.22510165
1827,2019-09-14 16:50:00,0.5746514
1828,2019-09-14 17:00:00,0.67293924
1829,2019-09-14 17:10:00,0.3061135
1830,2019-09-14 17:20:00,0.01858409
1831,2019-09-14 17:30:00,0.9019561
1832,2019-09-14 17:40:00,3.284235
1833,2019-09-14 17:50:00,3.5942044
1834,2019-09-14 18:00:00,4.1435785
1835,2019-09-14 18:10:00,4.6137233
1836,2019-09-14 18:20:00,4.6582723
1837,2019-09-14 18:30:00,4.6582723
1838,2019-09-14 18:40:00,4.6582723
1839,2019-09-14 18:50:00,4.6582723
1840,2019-09-14 19:00:00,4.6582723
1841,2019-09-14 19:10:00,4.6582723
1842,2019-09-14 19:20:00,4.6582723
1843,2019-09-14 19:30:00,4.6582723
1844,2019-09-14 19:40:00,4.6582723
1845,2019-09-14 19:50:00,4.6582723
1846,2019-09-14 20:00:00,4.6582723
1847,2019-09-14 20:10:00,4.6582723
1848,2019-09-14 20:20:00,4.6582723
1849,2019-09-14 20:30:00,4.6582723
1850,2019-09-14 20:40:00,4.6582723
1851,2019-09-14 20:50:00,4.6582723
1852,2019-09-14 21:00:00,4.6582723
1853,2019-09-14 21:10:00,4.6582723
1854,2019-09-14 21:20:00,4.6582723
1855,2019-09-14 21:30:00,4.6582723
1856,2019-09-14 21:40:00,4.6582723
1857,2019-09-14 21:50:00,4.6582723
1858,2019-09-14 22:00:00,4.6582723
1859,2019-09-14 22:10:00,4.6582723
1860,2019-09-14 22:20:00,4.6582723
1861,2019-09-14 22:30:00,4.6582723
1862,2019-09-14 22:40:00,4.6582723
1863,2019-09-14 22:50:00,4.6582723
1864,2019-09-14 23:00:00,4.6582723
1865,2019-09-14 23:10:00,4.6582723
1866,2019-09-14 23:20:00,4.6582723
1867,2019-09-14 23:30:00,4.6582723
1868,2019-09-14 23:40:00,4.6582723
1869,2019-09-14 23:50:00,4.6582723
1870,2019-09-15 00:00:00,4.6582723
